{"type":"FeatureCollection","source":"ZHB/switzerland-geojson","features":[{"type":"Feature","properties":{"name":"baldegg"},"geometry":{"type":"Polygon","coordinates":[[[8.26847791671753,47.200254243428866],[8.267920017242432,47.200910301521674],[8.267662525177002,47.20179961176219],[8.267662525177002,47.20252854346518],[8.266589641571045,47.204190470298514],[8.267018795013426,47.20652291137291],[8.266739845275879,47.20901559439622],[8.266396522521973,47.210240027362104],[8.26570987701416,47.21105630030222],[8.265345096588135,47.21126036657428],[8.265388011932373,47.21162476867857],[8.264636993408203,47.21229526200855],[8.26322078704834,47.212863717104845],[8.262748718261719,47.21280541429845],[8.26244831085205,47.21292201984711],[8.262405395507812,47.21340301502523],[8.263049125671387,47.213577921281086],[8.262877464294434,47.214044335143136],[8.262276649475098,47.214583621057415],[8.261246681213379,47.215122901487476],[8.260753154754639,47.21545812709875],[8.260409832000732,47.21595367412057],[8.259873390197754,47.21618687111665],[8.259551525115967,47.216041123114266],[8.259208202362059,47.21607027274681],[8.25897216796875,47.21637634292085],[8.258779048919678,47.2164637912175],[8.2582426071167,47.21639091764696],[8.257942199707031,47.21639091764696],[8.25721263885498,47.21609942236329],[8.256890773773193,47.216084847557035],[8.256525993347168,47.21623059543924],[8.2562255859375,47.21620144589487],[8.25573205947876,47.21590994956961],[8.255002498626709,47.21577877570048],[8.25446605682373,47.21582250035958],[8.253951072692871,47.21592452442393],[8.253757953643799,47.21615772154823],[8.253800868988037,47.21652209000184],[8.25350046157837,47.216842732169916],[8.252942562103271,47.2167407098722],[8.252170085906982,47.21678443373811],[8.251762390136719,47.216609538058144],[8.250775337219238,47.21662411272018],[8.250195980072021,47.2164054923691],[8.249359130859375,47.216274319725784],[8.248479366302488,47.216113997165536],[8.247771263122559,47.217192521414695],[8.246891498565674,47.21732369178659],[8.246183395385742,47.21695932884124],[8.245389461517334,47.21557472681462],[8.245561122894285,47.21455447060767],[8.245410919189453,47.21419008863376],[8.245582580566406,47.213242683783925],[8.246033191680908,47.212863717104845],[8.245797157287598,47.21257220243201],[8.246269226074219,47.21184340873931],[8.246355056762695,47.21111460503149],[8.244552612304688,47.21134782330765],[8.243865966796875,47.210006804214586],[8.243780136108398,47.20959866123867],[8.243265151977539,47.20814098211431],[8.244380950927734,47.207441281905005],[8.24498176574707,47.20755789924751],[8.245925903320312,47.206683262929026],[8.24575424194336,47.20610016403781],[8.247041702270506,47.204292516740814],[8.24798583984375,47.20405926744143],[8.247900009155273,47.20370939156938],[8.251333236694336,47.20067703735144],[8.252191543579102,47.19997723868725],[8.252277374267578,47.19846097658329],[8.253650665283203,47.19676971004053],[8.255109786987305,47.19502006723379],[8.255882263183594,47.194845099780174],[8.256568908691406,47.19321204239381],[8.256654739379883,47.19169558696534],[8.25845718383789,47.18988744886028],[8.26120376586914,47.18942082257539],[8.260517120361328,47.18813757913876],[8.260259628295898,47.18749594578611],[8.262491226196289,47.18656264706371],[8.263092041015625,47.18656264706371],[8.263092041015625,47.186212655812135],[8.264122009277344,47.1858043297687],[8.26446533203125,47.18440433091684],[8.263692855834961,47.183820987164644],[8.263778686523438,47.18341264272407],[8.266096115112305,47.182945959517276],[8.266782760620117,47.182945959517276],[8.266868591308594,47.18236259973963],[8.267297744750977,47.181895907302206],[8.267812728881836,47.18224592701489],[8.267812728881836,47.18177923355182],[8.267383575439453,47.18125419850202],[8.268499374389647,47.17997075763263],[8.268585205078125,47.179504044169676],[8.269271850585938,47.179562383576894],[8.27021598815918,47.179329025563376],[8.270130157470703,47.178803966282906],[8.271245956420898,47.17752046618286],[8.272275924682617,47.17775383214512],[8.272876739501953,47.178278901810174],[8.272705078125,47.17927068589972],[8.272018432617188,47.180554143692135],[8.273134231567383,47.18102084792438],[8.273992538452148,47.18166255954501],[8.274507522583008,47.18084583431804],[8.275794982910156,47.180962510119706],[8.276052474975586,47.1813125359862],[8.275880813598633,47.182187590556374],[8.275537490844727,47.18271261637545],[8.275623321533203,47.183354307547575],[8.276824951171875,47.18469600038913],[8.276653289794922,47.185745997220366],[8.276052474975586,47.186270987847664],[8.276395797729492,47.186912636007655],[8.27596664428711,47.188487557698316],[8.275365829467773,47.18872087545601],[8.275365829467773,47.18918750789454],[8.274679183959961,47.190645707823435],[8.272876739501953,47.193037068978896],[8.272275924682617,47.19379528294363],[8.271074295043945,47.19531167837447],[8.269872665405273,47.196536427666146],[8.269014358520508,47.19665306898154],[8.269014358520508,47.19717795172789],[8.269271850585938,47.19828602047527],[8.26847791671753,47.200254243428866]]]}},{"type":"Feature","properties":{"name":"biel"},"geometry":{"type":"Polygon","coordinates":[[[7.0745086669921875,47.05702528260841],[7.072448730468749,47.054686275967576],[7.0745086669921875,47.052230208574706],[7.076568603515625,47.05117757363683],[7.077083587646484,47.04977402806796],[7.0806884765625,47.04638197378968],[7.094078063964844,47.04638197378968],[7.097511291503906,47.04696682612403],[7.098712921142578,47.04649894476954],[7.101802825927734,47.04801954416652],[7.115020751953125,47.05433541612247],[7.1182823181152335,47.05725917762968],[7.121543884277344,47.05854558190759],[7.123260498046875,47.05924724388727],[7.125663757324219,47.06158605046574],[7.129611968994141,47.06298928516707],[7.133216857910156,47.06439248293427],[7.134590148925781,47.06439248293427],[7.139911651611328,47.072577067131725],[7.139911651611328,47.07386310181414],[7.139225006103515,47.0747983802725],[7.139739990234374,47.075967455262315],[7.140769958496094,47.076668887945225],[7.142314910888672,47.07655198313927],[7.143688201904297,47.075733642316195],[7.144889831542969,47.07608436135067],[7.1484947204589835,47.07316163219822],[7.146949768066406,47.06977106555707],[7.14557647705078,47.06930338426496],[7.142829895019531,47.06754954287066],[7.13836669921875,47.06497713776994],[7.134075164794922,47.06111829735768],[7.134246826171875,47.06041666000094],[7.131328582763672,47.05889641405164],[7.130126953125,47.05807780212467],[7.128582000732422,47.0576100182379],[7.121028900146484,47.05445236966067],[7.116565704345703,47.052113250163124],[7.114849090576171,47.052113250163124],[7.1136474609375,47.05129453410034],[7.112445831298827,47.05024188069484],[7.109184265136719,47.048838310502425],[7.102832794189453,47.04638197378968],[7.1019744873046875,47.04439342788775],[7.1047210693359375,47.040767065113386],[7.106437683105469,47.03912927209492],[7.108497619628905,47.0387783099073],[7.110385894775391,47.03772540949327],[7.116737365722656,47.03772540949327],[7.118110656738281,47.03831035673278],[7.120513916015625,47.03842734541115],[7.128582000732422,47.040533097760196],[7.131671905517578,47.040533097760196],[7.139225006103515,47.04334063828227],[7.140083312988281,47.044276452290916],[7.144718170166016,47.04603105931109],[7.149696350097656,47.0479025765211],[7.153129577636719,47.047317734446665],[7.160854339599609,47.04918920651321],[7.169609069824219,47.0542184623278],[7.170295715332032,47.05538798873247],[7.173213958740235,47.057376124755585],[7.173728942871094,47.059481129161924],[7.1747589111328125,47.06029971954379],[7.177848815917968,47.06041666000094],[7.1759605407714835,47.06205379946997],[7.177333831787109,47.06363242206173],[7.177162170410156,47.06526946278319],[7.177977561950683,47.06430478415588],[7.179265022277832,47.06456788005823],[7.179737091064452,47.06348625526696],[7.180767059326171,47.06319392047515],[7.182097434997559,47.06319392047515],[7.183728218078612,47.064538647244305],[7.185401916503906,47.0650940679676],[7.187504768371581,47.067344924282246],[7.189264297485352,47.06904031173476],[7.188963890075684,47.0698587553425],[7.189950942993164,47.07000490466424],[7.19080924987793,47.07094025083358],[7.189950942993164,47.0711156264129],[7.191667556762696,47.07231401075988],[7.1913671493530265,47.07278166563437],[7.191624641418456,47.07345391232696],[7.193255424499512,47.07555828193331],[7.1950578689575195,47.07699037483911],[7.1962594985961905,47.07947452634481],[7.197718620300293,47.08160788166479],[7.1993064880371085,47.08315670255202],[7.199649810791016,47.08301058929754],[7.200636863708496,47.08417948411267],[7.200937271118164,47.08412103998103],[7.201752662658691,47.08517302454032],[7.2023534774780265,47.08517302454032],[7.2023963928222665,47.085377574681054],[7.202224731445312,47.08552368144356],[7.2025251388549805,47.08628343014868],[7.2020530700683585,47.086400313603086],[7.201452255249024,47.08698472702801],[7.201709747314453,47.08716004980521],[7.202954292297363,47.087306151678696],[7.2025251388549805,47.08751069362839],[7.202610969543457,47.08829963379103],[7.203941345214844,47.08853339159511],[7.20278263092041,47.08990669797606],[7.203941345214844,47.09364658688945],[7.204113006591796,47.094230920808904],[7.205357551574708,47.09563329605596],[7.206859588623047,47.09636368520391],[7.208318710327149,47.09782443344525],[7.209692001342773,47.09890536134515],[7.210421562194824,47.10048289241043],[7.210721969604492,47.10106715131394],[7.211580276489258,47.10188510300745],[7.211709022521973,47.10264461832774],[7.212309837341309,47.1029075249525],[7.21200942993164,47.1038130822778],[7.213554382324219,47.10480625647117],[7.214112281799317,47.10480625647117],[7.216129302978516,47.10661729112228],[7.21698760986328,47.10667571056905],[7.217416763305664,47.10763962218438],[7.217202186584473,47.10796092217722],[7.217245101928711,47.1088371850274],[7.217545509338379,47.10892481051901],[7.2184038162231445,47.11064808253767],[7.2179317474365225,47.11131985143003],[7.218489646911621,47.11134905858084],[7.2188329696655265,47.112342092171296],[7.219691276550292,47.11348113729683],[7.21926212310791,47.11453254192823],[7.219991683959962,47.11517505675466],[7.2203779220581055,47.1160804053883],[7.221622467041015,47.11751140890995],[7.223038673400879,47.11812468435276],[7.222995758056641,47.11844592104946],[7.22599983215332,47.120782129592115],[7.226643562316894,47.121745785731584],[7.227373123168945,47.12180418857298],[7.228360176086425,47.12247581664114],[7.228918075561523,47.1232058375332],[7.228102684020996,47.123439442102956],[7.228188514709473,47.12370224601779],[7.22900390625,47.12370224601779],[7.229175567626953,47.12466584926486],[7.229690551757813,47.1248118482342],[7.2333383560180655,47.12802372418313],[7.233295440673827,47.1288120640908],[7.233209609985352,47.129045644041774],[7.233767509460449,47.12901644660399],[7.234454154968261,47.12971718068695],[7.2344112396240225,47.13030111870389],[7.235956192016602,47.1302427251907],[7.236084938049316,47.13070987150117],[7.235698699951172,47.131264602415634],[7.235012054443359,47.131060228541365],[7.234325408935546,47.131936111044425],[7.233595848083497,47.13208209005919],[7.232179641723633,47.13324990775246],[7.2307634353637695,47.13362944298129],[7.229218482971191,47.133804612173314],[7.226386070251465,47.13298715100731],[7.223811149597167,47.131819327544115],[7.222781181335448,47.13117701370854],[7.2219228744506845,47.131118621157],[7.220764160156249,47.13030111870389],[7.21973419189453,47.12992155972214],[7.218360900878906,47.12927922296698],[7.217459678649902,47.128344901111504],[7.21552848815918,47.12720617415971],[7.214198112487793,47.1265346058116],[7.214369773864746,47.126271815889126],[7.213768959045409,47.126038223757014],[7.2115373611450195,47.12443225008049],[7.211365699768066,47.12411104952708],[7.211108207702636,47.12411104952708],[7.208318710327149,47.121920994063466],[7.206430435180664,47.12016888477909],[7.205443382263184,47.11935121403311],[7.204456329345703,47.118913170964376],[7.202181816101073,47.117715834842926],[7.201581001281738,47.11754061266273],[7.199821472167969,47.11651847177803],[7.19904899597168,47.11570074493338],[7.197546958923341,47.114707774013894],[7.196044921875,47.11383160781538],[7.193899154663086,47.11257574444098],[7.19153881072998,47.11175795700913],[7.188577651977538,47.110443629452654],[7.187461853027343,47.10974264148423],[7.185959815979004,47.10930451931567],[7.183728218078612,47.10822380254699],[7.181882858276366,47.10667571056905],[7.180767059326171,47.105624150717446],[7.178664207458495,47.10390071604021],[7.176904678344726,47.10124242773473],[7.175660133361816,47.1006581707547],[7.174544334411621,47.10039525302191],[7.171111106872558,47.0985840066941],[7.166004180908202,47.09624682361345],[7.160468101501465,47.09443543616595],[7.158107757568359,47.09405562130627],[7.153987884521484,47.09171823946439],[7.150726318359375,47.09139684143848],[7.147636413574219,47.089994354627954],[7.145404815673828,47.087423032888985],[7.143516540527344,47.08695550650905],[7.135963439941406,47.083799596110964],[7.134761810302734,47.08321514774161],[7.129268646240234,47.08122797532515],[7.123432159423828,47.07830552829839],[7.115020751953125,47.074564562196784],[7.113819122314453,47.072693980657995],[7.111244201660156,47.06895262060281],[7.109184265136719,47.06614642820482],[7.106094360351562,47.06521099790879],[7.102661132812499,47.06450941441436],[7.094249725341797,47.06170298810154],[7.08892822265625,47.05983195515023],[7.08515167236328,47.06006583785999],[7.080173492431641,47.05866252621211],[7.0745086669921875,47.05702528260841]]]}},{"type":"Feature","properties":{"name":"brienz"},"geometry":{"type":"Polygon","coordinates":[[[7.883377075195312,46.694667307773116],[7.88440704345703,46.69231245343321],[7.894706726074219,46.69184147024343],[7.896080017089843,46.69089949154197],[7.897796630859375,46.69137048294636],[7.899169921874999,46.69089949154197],[7.897796630859375,46.68942761693051],[7.898311614990234,46.68813233409311],[7.899599075317383,46.68836784237391],[7.9094696044921875,46.688544472910635],[7.915821075439454,46.68819121125956],[7.918052673339844,46.687779069746604],[7.921056747436523,46.68883885585501],[7.92165756225586,46.69054624529328],[7.924661636352539,46.69160597710829],[7.926464080810546,46.693077792356604],[7.929210662841796,46.69343102204781],[7.930498123168945,46.6933132790741],[7.934961318969726,46.695138266319276],[7.935905456542968,46.695962433892014],[7.937278747558594,46.69649224926085],[7.940454483032227,46.69884692134141],[7.944488525390625,46.70279076703991],[7.950067520141602,46.70661661069095],[7.954015731811523,46.707970305807514],[7.957963943481445,46.708146872232966],[7.9595088958740225,46.708146872232966],[7.960968017578125,46.708853132159106],[7.961225509643554,46.71008906479359],[7.962770462036133,46.71085415176583],[7.962512969970702,46.71179578238179],[7.965946197509766,46.71350244599995],[7.966203689575194,46.7130316476338],[7.965259552001952,46.7122665915291],[7.965087890625,46.71167807945322],[7.9657745361328125,46.711207265172014],[7.966976165771484,46.71108956095998],[7.969036102294921,46.712501994562594],[7.970151901245116,46.712501994562594],[7.972555160522461,46.71314934761038],[7.977705001831055,46.71573868215169],[7.978649139404297,46.716444842737125],[7.98079490661621,46.717386375809596],[7.983884811401366,46.71932823588783],[7.985944747924806,46.720152034202165],[7.987833023071288,46.72179959309735],[7.9897212982177725,46.722682193238484],[7.993755340576173,46.72474153741717],[7.994270324707031,46.72474153741717],[7.996673583984376,46.725859434193964],[8.000020980834961,46.726859637989264],[8.002166748046875,46.727742155348615],[8.004484176635742,46.728977655394914],[8.00654411315918,46.72974247457503],[8.00877571105957,46.730566113871404],[8.009977340698242,46.730977928803],[8.011007308959961,46.73138974059024],[8.012208938598631,46.73138974059024],[8.012895584106445,46.73186037878251],[8.014354705810547,46.732213354731556],[8.016157150268555,46.73327226871774],[8.018045425415037,46.73374289048227],[8.018732070922852,46.734566468687945],[8.02053451538086,46.73533120861699],[8.02250862121582,46.73627241210362],[8.022937774658201,46.73697830393798],[8.024654388427734,46.7372724228084],[8.025856018066404,46.73756654007456],[8.027229309082031,46.737331246389964],[8.03074836730957,46.73762536333528],[8.030319213867188,46.738095947110935],[8.030662536621094,46.738272414967994],[8.031177520751953,46.738095947110935],[8.03169250488281,46.738684171055176],[8.032636642456053,46.73909592399803],[8.033666610717772,46.73915474559034],[8.034524917602539,46.73974295798398],[8.03598403930664,46.74003706177442],[8.038387298583984,46.74021352327867],[8.039331436157227,46.73968413703337],[8.04147720336914,46.73974295798398],[8.043451309204102,46.73915474559034],[8.044824600219727,46.73927238858243],[8.047142028808594,46.73897828062092],[8.047828674316406,46.73897828062092],[8.048686981201172,46.73980177887041],[8.048171997070312,46.74038998420537],[8.048944473266602,46.741037002662225],[8.048601150512695,46.74203692500497],[8.04774284362793,46.74238983434529],[8.047828674316406,46.7431544633244],[8.048858642578125,46.743507365349394],[8.049631118774414,46.74368381549562],[8.04997444152832,46.74462487318837],[8.049116134643555,46.74621287079468],[8.048171997070312,46.74621287079468],[8.046884536743164,46.746859819371075],[8.046627044677734,46.74838893968649],[8.047657012939453,46.74885942951812],[8.048601150512695,46.74885942951812],[8.04920196533203,46.74874180744523],[8.049373626708984,46.74962396673553],[8.048086166381836,46.75068253882583],[8.047142028808594,46.75074134777678],[8.04697036743164,46.7515058583001],[8.046283721923826,46.75221155069639],[8.04473876953125,46.75250558646769],[8.043451309204102,46.75379932480349],[8.041906356811523,46.754799010427654],[8.037958145141602,46.75462259666504],[8.037872314453125,46.75391693583944],[8.035383224487305,46.75327007196539],[8.034610748291014,46.75362290776831],[8.032722473144531,46.75397574126115],[8.030576705932617,46.75379932480349],[8.026800155639647,46.755093032082],[8.025684356689453,46.755445855949674],[8.024568557739258,46.75573987407481],[8.022594451904297,46.755563463392214],[8.018732070922852,46.75726874246586],[8.015556335449219,46.75791555834245],[8.013839721679688,46.75750394913751],[8.012208938598631,46.756739523700844],[8.009891510009766,46.75609269370741],[8.008089065551758,46.75521064029457],[8.004913330078125,46.754975423612755],[8.00053596496582,46.755269444304595],[7.998819351196289,46.7549166192819],[7.997016906738281,46.7549166192819],[7.995386123657226,46.75421096230638],[7.993068695068359,46.75303484681343],[7.99083709716797,46.75291723385244],[7.989206314086914,46.751270625447965],[7.986459732055664,46.75085896548623],[7.98431396484375,46.74956515656535],[7.9815673828125,46.7485065625294],[7.979850769042968,46.748447751140034],[7.978649139404297,46.747095071473815],[7.975902557373046,46.74550709985597],[7.972297668457032,46.744095530257525],[7.972297668457032,46.74262510595546],[7.971181869506835,46.74015470284143],[7.969636917114258,46.73886063698713],[7.967748641967773,46.73786065573646],[7.96431541442871,46.73668418346331],[7.9614830017089835,46.736860655940646],[7.958650588989259,46.73550768552204],[7.958822250366211,46.7344488154286],[7.957277297973633,46.732683985736685],[7.955818176269531,46.73215452556713],[7.953071594238281,46.73180154923308],[7.952470779418944,46.731330910527426],[7.952127456665039,46.730566113871404],[7.9504966735839835,46.729271817901456],[7.949724197387694,46.72921298552849],[7.94835090637207,46.72803632459318],[7.947921752929688,46.72744798449979],[7.946891784667968,46.726859637989264],[7.94611930847168,46.726859637989264],[7.944660186767577,46.72568292571669],[7.9430294036865225,46.72491804897469],[7.941656112670898,46.72462386272465],[7.940025329589843,46.7231529074099],[7.937021255493163,46.72203495454677],[7.935132980346679,46.72056392864264],[7.93461799621582,46.71926939266981],[7.933588027954102,46.718327892453814],[7.931957244873047,46.71762175651081],[7.930326461791991,46.71656253526961],[7.927064895629883,46.715267903294205],[7.926120758056641,46.714444030410974],[7.925004959106445,46.71385554207929],[7.92337417602539,46.71344359642878],[7.922258377075194,46.712443143900465],[7.921314239501952,46.7122665915291],[7.919940948486328,46.71156037626797],[7.918825149536133,46.71108956095998],[7.917881011962891,46.710206771187536],[7.916851043701172,46.70950052897342],[7.915306091308594,46.70873542281318],[7.914791107177735,46.707852594536355],[7.912302017211914,46.70708746501671],[7.911529541015624,46.706557753611435],[7.909212112426758,46.70573374776],[7.907495498657227,46.705204023070614],[7.906551361083984,46.705262881626105],[7.90440559387207,46.704497715398745],[7.902431488037109,46.70432113703685],[7.900800704956054,46.703497097044554],[7.898569107055664,46.702202151643455],[7.898225784301759,46.70137807930703],[7.896509170532227,46.69996535460934],[7.895565032958984,46.699376708408835],[7.894792556762695,46.69843486113957],[7.893590927124023,46.697905064830884],[7.892732620239258,46.69725752894985],[7.890243530273437,46.69649224926085],[7.888784408569336,46.69602130252303],[7.88792610168457,46.69537374405216],[7.886724472045898,46.69478504779472],[7.885007858276367,46.694667307773116],[7.883377075195312,46.694667307773116]]]}},{"type":"Feature","properties":{"name":"constance"},"geometry":{"type":"Polygon","coordinates":[[[9.242935180664062,47.63300737749619],[9.25048828125,47.63023101663225],[9.26422119140625,47.62467785241324],[9.277267456054688,47.62004976487241],[9.284820556640625,47.616346999837226],[9.299240112304688,47.61079236060622],[9.307479858398438,47.60616304386874],[9.3109130859375,47.60199630847375],[9.326019287109375,47.59366184198747],[9.340438842773436,47.58764167941513],[9.352798461914062,47.58301031389572],[9.364471435546875,47.57837853860192],[9.373397827148438,47.57420959047542],[9.381637573242188,47.57189336475817],[9.38507080078125,47.56911375866714],[9.383010864257812,47.56679730756511],[9.37957763671875,47.564944072920376],[9.38232421875,47.564944072920376],[9.381637573242188,47.55845723531619],[9.380950927734375,47.55335987085902],[9.385757446289062,47.54965238525127],[9.387130737304688,47.546408120190556],[9.396057128906248,47.539918987629584],[9.403610229492188,47.53713768492089],[9.410476684570312,47.5325018525392],[9.4207763671875,47.525547335516556],[9.422149658203125,47.52230157865766],[9.429702758789062,47.52091047852614],[9.432449340820312,47.52183788271235],[9.439659118652344,47.51673695680999],[9.440345764160156,47.51557758630511],[9.437341690063477,47.513200796687144],[9.434938430786133,47.511751481891054],[9.434680938720703,47.50885273222095],[9.437255859375,47.50537402127804],[9.44000244140625,47.505084118292565],[9.44223403930664,47.50491017573277],[9.445323944091797,47.50572190274721],[9.44669723510742,47.50514209901774],[9.449615478515623,47.501199263815415],[9.453649520874023,47.49980760421661],[9.462060928344727,47.49673422525434],[9.46497917175293,47.49661824516729],[9.470901489257812,47.492442791418625],[9.477252960205078,47.48954297542215],[9.476995468139648,47.48606298487512],[9.478797912597656,47.4833368312352],[9.482402801513672,47.48084256674008],[9.494247436523438,47.47823216312885],[9.518966674804688,47.4796243945282],[9.5416259765625,47.484264899421746],[9.545059204101562,47.48844100336153],[9.556732177734375,47.49586436835717],[9.553985595703125,47.49957565736371],[9.556045532226562,47.5018950797814],[9.567031860351562,47.50096732311069],[9.570465087890623,47.495400438786575],[9.586944580078125,47.489368981370724],[9.60479736328125,47.48844100336153],[9.614410400390625,47.49308072945064],[9.614410400390625,47.49586436835717],[9.626083374023438,47.495400438786575],[9.634323120117188,47.50143120349543],[9.6405029296875,47.50653361720931],[9.646682739257812,47.50560594251366],[9.6405029296875,47.50050343862717],[9.637756347656248,47.495400438786575],[9.64324951171875,47.49029694298418],[9.650115966796875,47.48704900560565],[9.64942932128906,47.48983296422693],[9.652862548828125,47.49261677528683],[9.663848876953125,47.49679221520181],[9.667282104492188,47.49632829382891],[9.667282104492188,47.503286684046664],[9.67620849609375,47.49679221520181],[9.68170166015625,47.4921528170241],[9.687881469726562,47.494472567348815],[9.688568115234375,47.50050343862717],[9.691314697265623,47.50421439972969],[9.700927734375,47.506069781910846],[9.707107543945312,47.50699744840906],[9.7174072265625,47.50653361720931],[9.729766845703125,47.50699744840906],[9.74212646484375,47.5046782514231],[9.748992919921875,47.50653361720931],[9.75311279296875,47.51395442456291],[9.751739501953123,47.52091047852614],[9.744186401367188,47.526938312693076],[9.73114013671875,47.53389264528655],[9.721527099609373,47.54501765940571],[9.712600708007812,47.55104272309032],[9.70367431640625,47.54965238525127],[9.699554443359375,47.55104272309032],[9.692258834838865,47.54976824814661],[9.687967300415039,47.55179580735301],[9.685821533203125,47.55156409027093],[9.682817459106445,47.55225923844356],[9.680070877075195,47.554923887684794],[9.67947006225586,47.55677747680909],[9.677753448486328,47.55729878693627],[9.675693511962889,47.556603705614094],[9.671831130981444,47.55810970349157],[9.67045783996582,47.5577042467827],[9.667110443115234,47.5577042467827],[9.658784866333008,47.556603705614094],[9.652862548828125,47.557067094186735],[9.647541046142578,47.55938397557884],[9.643592834472654,47.56187450881025],[9.64299201965332,47.56424909302446],[9.640588760375977,47.56621817878201],[9.639129638671875,47.56633400505088],[9.638528823852539,47.566855220091256],[9.63749885559082,47.56627609194846],[9.632349014282227,47.56737642994516],[9.630546569824219,47.566971044951444],[9.630374908447266,47.56627609194846],[9.629602432250977,47.56610235225701],[9.628486633300781,47.566971044951444],[9.629859924316406,47.56801345716771],[9.630889892578123,47.56951912707702],[9.6240234375,47.57050358015324],[9.6185302734375,47.5686504766426],[9.607543945312498,47.57235661809739],[9.603424072265625,47.58069447747099],[9.599990844726562,47.586715439092906],[9.59381103515625,47.58856790334661],[9.572525024414062,47.58486290927609],[9.554672241210938,47.586715439092906],[9.540939331054688,47.59505101193038],[9.5306396484375,47.60292227835496],[9.526519775390625,47.61449551898437],[9.521713256835936,47.61819841513311],[9.518280029296875,47.62328946917188],[9.516906738281248,47.634395502617345],[9.499740600585938,47.64596177800046],[9.492015838623047,47.65058757118734],[9.48394775390625,47.651397042874045],[9.480171203613281,47.64943116129891],[9.472618103027344,47.650934489160825],[9.467124938964844,47.649662445325035],[9.464550018310547,47.648506014952225],[9.463348388671875,47.64873730307524],[9.460086822509766,47.651397042874045],[9.456138610839844,47.651628318194334],[9.453563690185545,47.65451917328043],[9.442920684814453,47.65729424360543],[9.436569213867188,47.65636923655091],[9.420604705810547,47.66550296313301],[9.413223266601562,47.667121431539314],[9.405498504638672,47.667930646923494],[9.39279556274414,47.667930646923494],[9.3878173828125,47.66608099332476],[9.385929107666016,47.66538735632654],[9.378204345703125,47.66469371011089],[9.374256134033203,47.66561856968346],[9.369964599609375,47.6651561419455],[9.365673065185547,47.66342200144217],[9.356746673583984,47.6603004033596],[9.336318969726562,47.66677462110549],[9.322586059570312,47.67278567576541],[9.311599731445312,47.6737103919566],[9.285507202148438,47.68573021131587],[9.268341064453123,47.692201274744136],[9.243621826171875,47.70791337194979],[9.230575561523438,47.71853945858699],[9.22576904296875,47.72777777266438],[9.227142333984375,47.73655265353601],[9.2230224609375,47.7416321719316],[9.20654296875,47.7476346002088],[9.194869995117188,47.75086639028423],[9.179763793945312,47.758714187846294],[9.163970947265625,47.76425309705425],[9.153499603271484,47.76748385508618],[9.14337158203125,47.76886840424207],[9.133586883544922,47.77267572437588],[9.12740707397461,47.78075093529741],[9.1131591796875,47.78917089079263],[9.101486206054688,47.79378398661931],[9.095306396484375,47.795167835516324],[9.08294677734375,47.80116408820393],[9.069900512695312,47.80808198139704],[9.063720703124998,47.815460051982924],[9.054107666015625,47.81361563260797],[9.04518127441406,47.81776548407309],[9.03900146484375,47.81776548407309],[9.039688110351562,47.814537850484676],[9.035568237304688,47.81361563260797],[9.034881591796875,47.80992659731544],[9.031448364257812,47.80808198139704],[9.03076171875,47.80393135603966],[9.038314819335938,47.800702862566204],[9.046554565429688,47.79562911029222],[9.051361083984375,47.79147748989271],[9.056167602539062,47.78917089079263],[9.067153930664062,47.77855921633887],[9.078826904296875,47.773021830566684],[9.097366333007812,47.76471464620187],[9.109039306640625,47.762406859510556],[9.120025634765625,47.75779097897638],[9.124145507812498,47.752713037369],[9.13581848144531,47.74624948588625],[9.146804809570312,47.74809629679189],[9.152984619140625,47.74394088010389],[9.161911010742188,47.73793802588284],[9.172897338867186,47.734705433067035],[9.174270629882812,47.730087095193056],[9.177703857421873,47.72408264363558],[9.180450439453125,47.71345768748889],[9.179763793945312,47.707451319030426],[9.18182373046875,47.703292658431074],[9.186630249023438,47.703292658431074],[9.18731689453125,47.69774726151598],[9.200363159179688,47.69127688626756],[9.211349487304688,47.68249437851819],[9.210662841796875,47.67648444221321],[9.218215942382812,47.665849782016195],[9.213409423828125,47.665849782016195],[9.20654296875,47.66307516642836],[9.19830322265625,47.66538735632654],[9.177703857421873,47.66677462110549],[9.18182373046875,47.655675470505955],[9.189720153808594,47.649662445325035],[9.2010498046875,47.646886969413],[9.20928955078125,47.643880037404706],[9.214096069335938,47.64318610543658],[9.220619201660154,47.638559656739545],[9.228858947753906,47.63485820279691],[9.237785339355469,47.632776019724375],[9.242935180664062,47.63300737749619]]]}},{"type":"Feature","properties":{"name":"constance"},"geometry":{"type":"Polygon","coordinates":[[[9.127922058105469,47.667468239668764],[9.126205444335938,47.66839305008159],[9.126205444335938,47.67093619422418],[9.124488830566406,47.674635091761616],[9.12139892578125,47.676715606411065],[9.115562438964844,47.68156981799391],[9.111099243164062,47.68596133454923],[9.10663604736328,47.685499087058425],[9.108352661132812,47.69081468588478],[9.106292724609375,47.69358782673677],[9.101486206054688,47.70259951607411],[9.097023010253906,47.70352370383535],[9.094619750976562,47.705603066391944],[9.091873168945312,47.70722029103471],[9.081573486328125,47.70791337194979],[9.072990417480469,47.711378638282554],[9.06646728515625,47.714150685458925],[9.060630798339844,47.716229624073],[9.053421020507812,47.72015628181953],[9.045524597167969,47.72246594225631],[9.038658142089844,47.723158820419805],[9.0362548828125,47.725699294840474],[9.028701782226562,47.727315895871214],[9.018402099609375,47.72985616754796],[9.008445739746094,47.73539814842237],[9.001922607421875,47.73793802588284],[8.996429443359373,47.74278653881655],[8.991966247558594,47.743017409121826],[8.985099792480469,47.74255566748737],[8.983039855957031,47.74024689788072],[8.986473083496094,47.737014448413966],[8.990249633789062,47.733781798258256],[9.00054931640625,47.73401270849636],[9.002609252929688,47.73124171805931],[9.004325866699219,47.7289324467281],[9.008445739746094,47.72662307300181],[9.012565612792969,47.724544549099676],[9.015312194824219,47.72269690266812],[9.015312194824219,47.7206182220987],[9.011878967285156,47.72038725247112],[9.009132385253904,47.721542090369304],[9.010012149810791,47.72334647333649],[9.008488655090332,47.72402490516458],[9.006707668304442,47.72363516881138],[9.005420207977295,47.72408264363558],[9.006428718566895,47.72467445927346],[9.0067720413208,47.72506418785092],[9.005613327026367,47.72636326204987],[9.003124237060547,47.72668080859291],[9.001772403717041,47.726550903422925],[9.00057077407837,47.72584363625814],[8.999176025390625,47.7253673080619],[8.998382091522217,47.72603127950314],[8.999261856079102,47.72607458169445],[8.999240398406982,47.72665194080535],[8.99829626083374,47.726955051776685],[8.996450901031494,47.72681071343889],[8.993167877197266,47.727489100148645],[8.990421295166016,47.72974070334145],[8.989219665527344,47.72985616754796],[8.984155654907227,47.731876749724364],[8.979692459106445,47.73360861490773],[8.973770141601562,47.73539814842237],[8.971624374389648,47.734705433067035],[8.967761993408203,47.7356867771006],[8.96458625793457,47.736783551486944],[8.960208892822266,47.73724534431706],[8.957376480102539,47.737129896493514],[8.955316543579102,47.736494928888284],[8.953943252563477,47.736783551486944],[8.952226638793945,47.73620630468973],[8.949823379516602,47.73620630468973],[8.94810676574707,47.73539814842237],[8.946990966796875,47.73539814842237],[8.943986892700195,47.734185890502964],[8.942699432373047,47.733954981032824],[8.940467834472656,47.73181901989297],[8.93960952758789,47.72777777266438],[8.940896987915037,47.726103449801975],[8.942956924438477,47.72362073407563],[8.958663940429688,47.718885924932174],[8.969478607177734,47.71380418762592],[8.977890014648438,47.7097615426664],[8.989734649658203,47.70756683264426],[8.995914459228516,47.70490995475603],[9.004840850830078,47.698324934549326],[9.00604248046875,47.69462771653753],[8.999862670898438,47.688388066669894],[8.989906311035156,47.68180095966116],[8.977890014648438,47.67798699119306],[8.971195220947266,47.673594803328825],[8.9703369140625,47.67162975748323],[8.95986557006836,47.67082059945155],[8.9483642578125,47.66677462110549],[8.938064575195312,47.65949106968365],[8.929481506347656,47.65902858766438],[8.92690658569336,47.6603004033596],[8.916091918945312,47.65775674098751],[8.911628723144531,47.65486606513661],[8.90665054321289,47.65532858402682],[8.89892578125,47.65359411706439],[8.8934326171875,47.65232213800995],[8.889827728271484,47.65437463432688],[8.887896537780762,47.654490265521716],[8.88394832611084,47.655559841935634],[8.881373405456543,47.655791098820224],[8.880171775817871,47.65547312033985],[8.879055976867676,47.655733284695096],[8.878884315490723,47.656658303015774],[8.878111839294434,47.65651376998338],[8.875751495361328,47.656282516299385],[8.87296199798584,47.65596454081155],[8.870000839233398,47.656253609516874],[8.86819839477539,47.65729424360543],[8.866610527038574,47.65824813996716],[8.863134384155273,47.65856610154836],[8.860988616943358,47.65842157379695],[8.859658241271973,47.65723643114459],[8.861846923828125,47.65553093475303],[8.86373519897461,47.65440354214961],[8.86523723602295,47.65385429078148],[8.86695384979248,47.65353630050677],[8.869056701660156,47.653941015065776],[8.869485855102539,47.65359411706439],[8.869357109069824,47.65237995591182],[8.870429992675781,47.651628318194334],[8.872103691101074,47.65211977484925],[8.873519897460938,47.651917410904396],[8.874120712280273,47.65237995591182],[8.875536918640137,47.653391758832676],[8.875107765197754,47.65359411706439],[8.876523971557617,47.653883198892245],[8.878412246704102,47.65347848388514],[8.881373405456543,47.65298704001682],[8.883218765258789,47.65217759297518],[8.883819580078125,47.65061648110648],[8.885493278503418,47.64836145935524],[8.887038230895996,47.64752302900301],[8.889269828796385,47.64604851539154],[8.890385627746582,47.64526787368664],[8.891458511352539,47.64431374020374],[8.892617225646973,47.64396677825259],[8.894805908203125,47.644255913371914],[8.89592170715332,47.643764382716846],[8.900470733642578,47.643561986396925],[8.9064359664917,47.64359090020492],[8.908624649047852,47.644834178809454],[8.91016960144043,47.646511112378114],[8.913946151733398,47.64769649845601],[8.915534019470215,47.64758085221801],[8.916821479797363,47.64830363700444],[8.917851448059082,47.648332548187845],[8.91789436340332,47.647638675369016],[8.922014236450195,47.64636655125989],[8.924074172973633,47.647176088368674],[8.927164077758789,47.64931551890177],[8.929181098937988,47.650096100113416],[8.931326866149902,47.65240886483876],[8.932914733886719,47.652004138405346],[8.935017585754395,47.65203304754035],[8.93686294555664,47.651772864749404],[8.938407897949219,47.65217759297518],[8.939523696899414,47.65275577071375],[8.94136905670166,47.652553409233406],[8.944158554077148,47.652553409233406],[8.947420120239258,47.65480824998729],[8.948750495910643,47.655039510200524],[8.950467109680176,47.65443244995631],[8.950982093811035,47.65408555521954],[8.953170776367188,47.654490265521716],[8.955531120300291,47.65570437760853],[8.95557403564453,47.6563981432694],[8.957676887512207,47.65764111702607],[8.961324691772461,47.65631142306589],[8.971452713012695,47.65983792850961],[8.971967697143555,47.660647256808595],[8.971281051635742,47.66162999573324],[8.973083496093748,47.664578101512106],[8.975143432617188,47.66486712252893],[8.977718353271484,47.6645202971167],[8.980121612548828,47.66567637286265],[8.980207443237305,47.666659017115464],[8.986129760742188,47.669086647137576],[8.990592956542967,47.667930646923494],[9.000205993652344,47.67162975748323],[9.009475708007812,47.67255449415724],[9.0142822265625,47.67394156844407],[9.019775390625,47.675328605861935],[9.023895263671875,47.67324803590928],[9.032478332519531,47.67394156844407],[9.037971496582031,47.675328605861935],[9.040374755859375,47.67301685634941],[9.04621124267578,47.67301685634941],[9.048957824707031,47.674635091761616],[9.052734375,47.67394156844407],[9.057884216308592,47.674635091761616],[9.062004089355469,47.67394156844407],[9.068527221679688,47.674403918346556],[9.07196044921875,47.67232331152496],[9.076080322265625,47.67070500442288],[9.081230163574217,47.67278567576541],[9.08294677734375,47.674172743907384],[9.089126586914062,47.67347921444501],[9.093246459960938,47.66885544914306],[9.098739624023438,47.66654341286939],[9.104232788085938,47.66538735632654],[9.111785888671875,47.665849782016195],[9.117622375488281,47.6651561419455],[9.122772216796875,47.665849782016195],[9.127922058105469,47.667468239668764]]]}},{"type":"Feature","properties":{"name":"geneva"},"geometry":{"type":"Polygon","coordinates":[[[6.85546875,46.385070050865146],[6.848945617675781,46.387911899195736],[6.844139099121094,46.388385526200445],[6.830406188964844,46.38530687721014],[6.815643310546875,46.39004318835365],[6.81324005126953,46.39004318835365],[6.805858612060547,46.392588785782515],[6.804742813110352,46.39424632028108],[6.8010520935058585,46.393713546825275],[6.794700622558593,46.39217439429185],[6.790924072265625,46.392411189814645],[6.7751312255859375,46.39785720327753],[6.772041320800781,46.39738365846471],[6.760711669921875,46.4004616262897],[6.756591796875,46.40282917569802],[6.753845214843749,46.4025924253804],[6.7490386962890625,46.403776166694634],[6.723632812499999,46.40780069504335],[6.697540283203125,46.40803742275868],[6.686897277832031,46.40780069504335],[6.6844940185546875,46.40661704105617],[6.6790008544921875,46.40756396630067],[6.666984558105469,46.40424965602866],[6.6570281982421875,46.40448639915462],[6.649131774902344,46.40590683633538],[6.636085510253906,46.4056700993737],[6.600379943847656,46.40140865838162],[6.594200134277344,46.401467847341586],[6.589393615722656,46.40223729797765],[6.583299636840819,46.40099433386407],[6.5677642822265625,46.39809397414284],[6.565704345703124,46.39856751279131],[6.5499114990234375,46.39501587275713],[6.5444183349609375,46.39430551701068],[6.520729064941406,46.403776166694634],[6.515235900878906,46.40495988232437],[6.51111602783203,46.40472314125318],[6.506996154785156,46.40306592498825],[6.5032196044921875,46.40093514439044],[6.49566650390625,46.39856751279131],[6.492919921875,46.39856751279131],[6.4839935302734375,46.393595152017646],[6.482963562011719,46.390990401266855],[6.483306884765625,46.385543702527684],[6.4826202392578125,46.38199121488583],[6.479530334472656,46.37772792457245],[6.477556228637694,46.375181634088406],[6.472578048706055,46.374411801963404],[6.471462249755859,46.37346430137335],[6.455497741699219,46.36848965357404],[6.431121826171875,46.35948675817337],[6.424598693847656,46.35948675817337],[6.418418884277344,46.35901288047527],[6.4139556884765625,46.35996063176163],[6.413097381591797,46.35975331257248],[6.411767005920409,46.358894410408595],[6.404128074645996,46.351045196282925],[6.402626037597656,46.350245401746875],[6.400737762451172,46.350245401746875],[6.399106979370116,46.34988993375194],[6.397390365600586,46.3486457775641],[6.393098831176758,46.34278008837048],[6.391382217407227,46.34100248253552],[6.390008926391602,46.34040993441364],[6.387777328491211,46.3402321687248],[6.385889053344726,46.34046918951479],[6.3741302490234375,46.34384662412936],[6.3631439208984375,46.347401593056475],[6.36005401611328,46.34953446344517],[6.357307434082031,46.351904221822664],[6.356964111328125,46.35427387745325],[6.352243423461914,46.35845014537083],[6.351642608642578,46.35942752368585],[6.35159969329834,46.35993101478278],[6.352028846740723,46.36037526778003],[6.351900100708008,46.360760284122506],[6.350054740905762,46.362063396226866],[6.350226402282715,46.36318878621406],[6.3503122329711905,46.36443261133461],[6.350226402282715,46.36520258412235],[6.350054740905762,46.36579486349742],[6.350741386413574,46.36650559027104],[6.3504838943481445,46.36692017661867],[6.349582672119141,46.36727553384082],[6.344475746154784,46.36982219294891],[6.342716217041016,46.370266365516365],[6.34211540222168,46.3700590854344],[6.34035587310791,46.36964452291055],[6.334133148193359,46.370266365516365],[6.332073211669922,46.37014791985157],[6.330699920654297,46.36943724046869],[6.326236724853516,46.37145080803714],[6.3245201110839835,46.3708585899875],[6.322460174560547,46.36908189730966],[6.320915222167969,46.36896344907624],[6.320056915283203,46.36967413462374],[6.316967010498047,46.36884500058599],[6.315422058105469,46.36896344907624],[6.308727264404297,46.366357522955745],[6.3068389892578125,46.366120614416495],[6.3054656982421875,46.36659443046755],[6.303234100341797,46.365646794255674],[6.302504539489746,46.36443261133461],[6.301217079162598,46.36369224265048],[6.296024322509766,46.36090836660872],[6.294822692871093,46.36090836660872],[6.287784576416016,46.35723580250425],[6.283149719238281,46.35332602753061],[6.281089782714844,46.35131179186083],[6.2793731689453125,46.35048237912582],[6.2766265869140625,46.35012691267208],[6.276969909667969,46.34858653132497],[6.277313232421875,46.34597963322759],[6.271305084228516,46.337565614036876],[6.268901824951172,46.33590635882218],[6.264610290527343,46.33057269748825],[6.26220703125,46.3292688344889],[6.26220703125,46.32796494040748],[6.260833740234375,46.32689809485826],[6.259632110595703,46.326661015243886],[6.256198883056641,46.32393452582615],[6.258258819580077,46.320259477255256],[6.256885528564453,46.317769787966675],[6.256198883056641,46.31575424223654],[6.2546539306640625,46.31480572444001],[6.253795623779297,46.31243435802148],[6.250877380371094,46.30875853700599],[6.248645782470703,46.306386908565244],[6.2464141845703125,46.305556814335255],[6.240749359130859,46.30401517736998],[6.241779327392578,46.302829273239325],[6.241779327392578,46.30116896429923],[6.242809295654297,46.29855980566551],[6.239204406738281,46.29476444388206],[6.237659454345703,46.29274805093961],[6.237144470214844,46.29061296572667],[6.235599517822266,46.2890709079757],[6.228561401367187,46.285868033924274],[6.224956512451172,46.28195315575793],[6.221694946289062,46.27863122156088],[6.220493316650391,46.27625828810938],[6.219120025634766,46.27388525189855],[6.214656829833984,46.270444166865715],[6.213970184326172,46.26878287607452],[6.210880279541016,46.26640951616919],[6.210021972656249,46.265934831856804],[6.208305358886719,46.26510412441941],[6.204013824462891,46.26498545090074],[6.200580596923828,46.26439207945388],[6.198520660400391,46.263442671779885],[6.196460723876953,46.2610690806619],[6.195259094238281,46.25833932383695],[6.194744110107422,46.25727112112847],[6.193370819091797,46.25299810220038],[6.194057464599609,46.251454985762464],[6.1928558349609375,46.248012492636065],[6.191997528076171,46.24551951790841],[6.192340850830078,46.24362003254663],[6.193885803222656,46.24267026520226],[6.193885803222656,46.24136430825646],[6.19354248046875,46.24029577490599],[6.19354248046875,46.23780244949404],[6.192684173583984,46.2362589055564],[6.191654205322266,46.23578396022512],[6.191482543945312,46.23376539670794],[6.190280914306641,46.23269671537509],[6.184787750244141,46.22723424134164],[6.1818695068359375,46.22343393877235],[6.175689697265625,46.21523864112079],[6.17156982421875,46.214050815339526],[6.173114776611328,46.21203145254758],[6.171226501464844,46.21119992863994],[6.1640167236328125,46.20846769001889],[6.162815093994141,46.20834889395228],[6.153888702392578,46.204190869757696],[6.150627136230469,46.20490369625787],[6.1489105224609375,46.20454728416395],[6.147193908691406,46.20490369625787],[6.146678924560546,46.20644812194458],[6.148738861083984,46.20763611215716],[6.153202056884766,46.210962348068314],[6.151828765869141,46.217495439323145],[6.152687072753906,46.21939582902924],[6.153545379638672,46.220345999217884],[6.153888702392578,46.221296152963646],[6.152000427246093,46.22260258751594],[6.151142120361328,46.22414651554375],[6.14908218383789,46.22664046140716],[6.149940490722656,46.22794676878472],[6.150627136230469,46.231628013232076],[6.1501121520996085,46.23234048363967],[6.150970458984375,46.23340917190925],[6.150455474853516,46.23542774852908],[6.151142120361328,46.239108491221],[6.153030395507812,46.24243282079704],[6.152687072753906,46.24385747181359],[6.154060363769531,46.24563823355979],[6.151828765869141,46.24765636032582],[6.151485443115234,46.24955570592848],[6.1516571044921875,46.25086146787933],[6.152858734130859,46.25252330176691],[6.155948638916015,46.254897262829054],[6.1578369140625,46.258458011742235],[6.158866882324218,46.25964487666549],[6.161270141601562,46.26154380710643],[6.161956787109375,46.26261192657773],[6.1640167236328125,46.263442671779885],[6.165561676025391,46.263442671779885],[6.166505813598633,46.26308663966324],[6.168737411499023,46.26949486400779],[6.17156982421875,46.27412256014381],[6.17053985595703,46.276851531105926],[6.167278289794922,46.28100405225336],[6.167278289794922,46.2821904290651],[6.168479919433594,46.28432584258847],[6.170368194580078,46.288833664468314],[6.171140670776367,46.288833664468314],[6.171720027923584,46.288937458629235],[6.1714839935302725,46.28910056334188],[6.171097755432129,46.2890709079757],[6.170518398284911,46.28984194227805],[6.169939041137695,46.29191774991382],[6.170196533203125,46.29399347887636],[6.17053985595703,46.295357486500805],[6.171226501464844,46.29648424978314],[6.172513961791991,46.297373783366105],[6.173973083496093,46.29814470078284],[6.1750030517578125,46.29796679772692],[6.177406311035156,46.29962720377093],[6.178865432739258,46.30099107106931],[6.179380416870117,46.302295607999554],[6.180667877197266,46.30324434260716],[6.181612014770508,46.30383729338806],[6.18229866027832,46.30644620052857],[6.183757781982422,46.30733557227205],[6.188049316406249,46.31237507254448],[6.189937591552734,46.313382916919295],[6.192083358764648,46.31468715855949],[6.192367672920226,46.31461675994637],[6.194207668304443,46.31590244665715],[6.194508075714111,46.31640633868491],[6.194615364074707,46.316999146894794],[6.195580959320068,46.31806618548904],[6.195709705352783,46.318362581405886],[6.196846961975097,46.319429593412906],[6.19753360748291,46.31920730096066],[6.197576522827148,46.319622246141016],[6.197361946105956,46.319740801328855],[6.197361946105956,46.32005200747473],[6.1980485916137695,46.32113380554394],[6.199250221252441,46.323401066350044],[6.199443340301514,46.32477915935824],[6.199936866760254,46.32503106508002],[6.199979782104492,46.325238515979905],[6.2001729011535645,46.32537187685728],[6.200408935546875,46.32602385868887],[6.200666427612305,46.325949770235695],[6.200602054595947,46.326246123446296],[6.200516223907471,46.32643875217223],[6.201009750366211,46.32710553867795],[6.2013959884643555,46.32756487576484],[6.2016963958740225,46.32799457470906],[6.201910972595215,46.32903176514963],[6.202340126037598,46.329565169718066],[6.202554702758789,46.3294762693179],[6.202812194824219,46.329831870051635],[6.2027692794799805,46.33027636771771],[6.20328426361084,46.33152094196516],[6.203198432922362,46.33187652940555],[6.202898025512695,46.33220248252831],[6.202683448791503,46.33335811885571],[6.202876567840576,46.333506275593194],[6.203198432922362,46.33438779988252],[6.202908754348755,46.33456558457193],[6.202876567840576,46.33469151504393],[6.202983856201172,46.33498041326628],[6.203831434249878,46.336032286206645],[6.203852891921997,46.33626932520253],[6.204121112823486,46.33644710377513],[6.204872131347656,46.337098953596545],[6.205204725265503,46.337173026948214],[6.206846237182617,46.33883224372823],[6.206974983215332,46.33885446503988],[6.207211017608643,46.33915815539391],[6.207275390625,46.33929148233362],[6.207447052001953,46.339921077378634],[6.207350492477416,46.34005440245803],[6.207361221313477,46.34024698255428],[6.207243204116821,46.34050622392042],[6.207307577133178,46.340558072046164],[6.207168102264404,46.3407654640574],[6.207082271575927,46.34077287090039],[6.207071542739868,46.340913600726644],[6.207103729248046,46.34096544846604],[6.206867694854736,46.341276533870044],[6.206867694854736,46.341424669154584],[6.2069642543792725,46.341506143390006],[6.206846237182617,46.341728345233165],[6.2067711353302,46.34212089961575],[6.206856966018676,46.342217186109295],[6.207093000411987,46.34278008837048],[6.207597255706786,46.343098569977364],[6.207500696182251,46.34317263520144],[6.20752215385437,46.34363924380578],[6.207468509674072,46.34372071474101],[6.207382678985596,46.34392809475555],[6.207361221313477,46.34477982585055],[6.207296848297119,46.344816857336255],[6.207361221313477,46.34510570206394],[6.207575798034667,46.34527604567509],[6.207650899887085,46.34540935769618],[6.20752215385437,46.34540195148133],[6.20728611946106,46.345705605468005],[6.207157373428345,46.34639437533195],[6.207189559936523,46.34721644413169],[6.207307577133178,46.34765339458781],[6.207575798034667,46.347853353801085],[6.207897663116455,46.34804590642622],[6.208455562591553,46.348319922454124],[6.208616495132446,46.348268081689326],[6.208637952804565,46.34832732827364],[6.208670139312744,46.34877167560904],[6.208841800689697,46.34902347082901],[6.2091100215911865,46.349297481956334],[6.209893226623535,46.349764038282686],[6.210719347000121,46.35038610718954],[6.210815906524658,46.350748977449],[6.210730075836182,46.3508156268266],[6.210891008377075,46.35095633080133],[6.211169958114624,46.35112665618081],[6.21150255203247,46.3514080621666],[6.2117600440979,46.35189681648778],[6.211878061294556,46.35210416548539],[6.2120819091796875,46.352304108416654],[6.2121570110321045,46.352652155478026],[6.212478876113892,46.353022415876055],[6.212629079818726,46.353022415876055],[6.212693452835082,46.3530076055083],[6.213122606277466,46.3538814103389],[6.213219165802002,46.35388881540486],[6.213294267654419,46.354695961581584],[6.213444471359253,46.35508842284621],[6.213948726654053,46.355354998701564],[6.2143027782440186,46.355303164609325],[6.214367151260376,46.355280949983296],[6.214420795440673,46.35549569098985],[6.214635372161865,46.3556660022226],[6.2150537967681885,46.35576966966961],[6.215482950210571,46.35583631292456],[6.215697526931763,46.35597700397367],[6.2163305282592765,46.35865746950463],[6.216888427734375,46.35904249795181],[6.217746734619141,46.35924981983804],[6.217660903930664,46.359605226955736],[6.218390464782715,46.35984216374987],[6.218733787536621,46.35978292964766],[6.219635009765625,46.36046411794603],[6.219592094421387,46.36132299543492],[6.220107078552246,46.36247801628761],[6.220836639404297,46.36333686211815],[6.2217378616333,46.36354416770961],[6.222124099731445,46.36422530911445],[6.223583221435547,46.364965670574314],[6.224913597106934,46.36514335583168],[6.225771903991699,46.36540988263408],[6.225643157958984,46.365646794255674],[6.2268877029418945,46.36674249714068],[6.227402687072754,46.36712746861252],[6.230707168579102,46.369496464103776],[6.232938766479491,46.37151002948894],[6.234226226806641,46.37251678434439],[6.234655380249023,46.37411570979493],[6.234827041625976,46.375536937562785],[6.236114501953125,46.37701734382305],[6.237316131591796,46.3771949898773],[6.2387752532958975,46.3783200681334],[6.241436004638672,46.38009646028785],[6.243581771850586,46.382346474052596],[6.245813369750977,46.38358986293174],[6.246500015258789,46.38293856752681],[6.246585845947265,46.38518846416608],[6.247358322143555,46.38684622340932],[6.255426406860352,46.39128640193108],[6.256198883056641,46.3914048017473],[6.257658004760742,46.391996796975526],[6.258258819580077,46.392766381172464],[6.265296936035156,46.39270718277338],[6.265554428100585,46.39217439429185],[6.267185211181641,46.39170080016407],[6.267013549804687,46.391345601871315],[6.270790100097656,46.391049601528145],[6.273880004882812,46.390161590866775],[6.2752532958984375,46.391582400989996],[6.277055740356445,46.39323996605366],[6.277914047241211,46.39572621925702],[6.278600692749023,46.39619977845332],[6.28143310546875,46.39667333354005],[6.282377243041992,46.397738817459604],[6.282033920288086,46.39821235919024],[6.282978057861328,46.40004729458045],[6.281776428222656,46.40348023377401],[6.28169059753418,46.40614357226968],[6.28718376159668,46.41064135982069],[6.290016174316406,46.41431033286714],[6.290702819824219,46.415079602364735],[6.289930343627929,46.42022751122833],[6.290531158447266,46.42206170614278],[6.291475296020508,46.42342252056022],[6.29267692565918,46.42395500391224],[6.2944793701171875,46.42348168563394],[6.297225952148437,46.424546645981316],[6.296710968017577,46.42519744484113],[6.299028396606445,46.42685398869907],[6.299629211425781,46.42685398869907],[6.306238174438477,46.429575344325464],[6.3116455078125,46.43484019013225],[6.312332153320312,46.43484019013225],[6.317567825317383,46.43939475873665],[6.3178253173828125,46.44164232762498],[6.319284439086914,46.44347580199606],[6.320657730102538,46.44341665862461],[6.323146820068359,46.44442208720709],[6.3246917724609375,46.44607804677512],[6.328725814819336,46.448561891743616],[6.330871582031249,46.44885758002898],[6.334648132324219,46.451518702365185],[6.338939666748047,46.45707707178894],[6.340827941894531,46.458141375682935],[6.343574523925781,46.4594421633031],[6.34434700012207,46.4600334201304],[6.346921920776366,46.46121591452347],[6.348381042480468,46.461097666239844],[6.351556777954102,46.460920293332876],[6.354990005493164,46.46216189154696],[6.362714767456055,46.46251662869326],[6.364002227783202,46.463226096051756],[6.367092132568359,46.46358082626396],[6.373271942138671,46.46553180111549],[6.376962661743164,46.46511796380778],[6.379537582397461,46.46458588264657],[6.381511688232421,46.46511796380778],[6.38829231262207,46.462693996399636],[6.389322280883788,46.46157065783342],[6.390352249145508,46.46168890508978],[6.391296386718749,46.46097941769941],[6.391468048095703,46.45997429473657],[6.392669677734375,46.45997429473657],[6.395759582519531,46.459087406124915],[6.398162841796875,46.459087406124915],[6.402454376220702,46.45896915321852],[6.408548355102539,46.46097941769941],[6.409063339233398,46.46281224121623],[6.4125823974609375,46.46429027975429],[6.4200496673583975,46.46807387555775],[6.421937942504882,46.468783270493816],[6.427860260009765,46.469788230827014],[6.429405212402344,46.46984734556288],[6.438589096069336,46.47132519309372],[6.445198059082031,46.47303944595803],[6.449317932128906,46.47433987763009],[6.450004577636719,46.47581760317437],[6.455497741699219,46.47865472373566],[6.4620208740234375,46.48515590043433],[6.470947265625,46.49177448218621],[6.4812469482421875,46.49130175305463],[6.481933593749999,46.497446911273606],[6.4881134033203125,46.50406399740093],[6.4977264404296875,46.50548183965379],[6.5018463134765625,46.51304304047058],[6.508712768554687,46.51540570001735],[6.519012451171875,46.51587821960058],[6.5361785888671875,46.50784482789971],[6.560211181640625,46.507372238468065],[6.5636444091796875,46.51209794789087],[6.5718841552734375,46.51257049623509],[6.579437255859375,46.5172957536981],[6.59454345703125,46.51776825684657],[6.601409912109375,46.51115283887624],[6.6158294677734375,46.50926257154213],[6.626129150390624,46.50500922967828],[6.632995605468749,46.507372238468065],[6.641235351562499,46.504536615594],[6.659088134765625,46.50500922967828],[6.675567626953125,46.50264611816897],[6.689300537109375,46.500755555003195],[6.6996002197265625,46.49839225859763],[6.72088623046875,46.48657423574958],[6.730499267578125,46.48657423574958],[6.738739013671874,46.48893804576338],[6.746978759765624,46.48893804576338],[6.7627716064453125,46.47853651333226],[6.7792510986328125,46.473335001339436],[6.790924072265625,46.47380788661107],[6.80877685546875,46.46907884898852],[6.822509765624999,46.468605922626566],[6.8328094482421875,46.46813299215554],[6.8355560302734375,46.46056554578543],[6.851348876953125,46.45678142812658],[6.859588623046875,46.448266201853116],[6.870574951171875,46.4477930946896],[6.879501342773437,46.445900624943434],[6.8808746337890625,46.44211548820843],[6.887054443359375,46.44116916293229],[6.8904876708984375,46.43974964419869],[6.8973541259765625,46.44069599413034],[6.901473999023437,46.44045940818841],[6.909713745117187,46.435727473613],[6.909713745117187,46.433124734438216],[6.908683776855469,46.43146838115084],[6.912117004394531,46.42910207484575],[6.914863586425781,46.429811977524274],[6.917610168457031,46.430048609695795],[6.9207000732421875,46.42768224175069],[6.923789978027344,46.42365918046987],[6.922760009765625,46.42200253952804],[6.927223205566406,46.41845242514014],[6.927223205566406,46.4141919827505],[6.930656433105468,46.41064135982069],[6.931343078613281,46.40803742275868],[6.9303131103515625,46.4056700993737],[6.925506591796875,46.40235567403543],[6.925506591796875,46.4004616262897],[6.922760009765625,46.39619977845332],[6.918296813964844,46.39477908853571],[6.913490295410156,46.395489438117785],[6.909370422363281,46.39572621925702],[6.90765380859375,46.39691010954233],[6.900444030761718,46.39691010954233],[6.89563751220703,46.39454230328689],[6.888084411621094,46.395252655951154],[6.887054443359375,46.3964365565104],[6.883277893066406,46.39619977845332],[6.875038146972656,46.39454230328689],[6.872978210449219,46.39477908853571],[6.8685150146484375,46.39288477777805],[6.8630218505859375,46.393358361631854],[6.859245300292969,46.39454230328689],[6.8589019775390625,46.390990401266855],[6.859931945800781,46.3881487132118],[6.85546875,46.385070050865146]]]}},{"type":"Feature","properties":{"name":"hallwil"},"geometry":{"type":"Polygon","coordinates":[[[8.202152252197266,47.31927592106609],[8.201637268066406,47.3185195017235],[8.203010559082031,47.31758850920501],[8.202581405639648,47.31665750028252],[8.200521469116211,47.31590104345425],[8.199663162231445,47.315144575796694],[8.199748992919922,47.31392256670464],[8.20026397705078,47.313457031998304],[8.199748992919922,47.31310787827728],[8.199319839477537,47.310489151838674],[8.198461532592773,47.30973260670962],[8.198375701904297,47.307986692003574],[8.19906234741211,47.30606611921584],[8.198375701904297,47.30525130967808],[8.200607299804688,47.299139837800766],[8.201723098754883,47.29459942991456],[8.20180892944336,47.292270864380086],[8.202495574951172,47.29163049088296],[8.202838897705078,47.290873675843926],[8.202409744262695,47.29005863215179],[8.203010559082031,47.28685655319184],[8.20429801940918,47.28609966984001],[8.203954696655273,47.28563389008664],[8.205070495605469,47.28167459658953],[8.206100463867186,47.28004421313768],[8.206100463867186,47.27835554873926],[8.207473754882812,47.2750362926762],[8.208589553833008,47.27439571052059],[8.209104537963867,47.27160035218656],[8.211507797241211,47.26915429252109],[8.212623596191406,47.26490253885948],[8.215713500976562,47.25966018070071],[8.217344284057617,47.25762134566802],[8.21803092956543,47.25645626182903],[8.217945098876953,47.25604847642899],[8.22000503540039,47.25179567011601],[8.22103500366211,47.24987305653909],[8.221893310546875,47.24888259200356],[8.223094940185547,47.247484257597364],[8.224210739135742,47.24561975429721],[8.227386474609375,47.245852820798824],[8.227987289428711,47.246726811046884],[8.228931427001953,47.2478338446598],[8.229532241821287,47.250513935486296],[8.228845596313477,47.251213067311554],[8.227386474609375,47.25150436951491],[8.227729797363281,47.25249478502153],[8.228416442871094,47.25336866567523],[8.228416442871094,47.255058127383215],[8.229360580444336,47.25663102603915],[8.229360580444336,47.25814562503195],[8.23124885559082,47.259776683188456],[8.231077194213867,47.260650443675175],[8.232707977294922,47.26146594045285],[8.232879638671875,47.26455306446572],[8.231849670410156,47.26711582310954],[8.230047225952148,47.27043557596871],[8.227729797363281,47.273289232169084],[8.228416442871094,47.27620096763803],[8.227472305297852,47.27882139257714],[8.225412368774414,47.283537830441865],[8.22352409362793,47.28767164622814],[8.221635818481445,47.29221264892804],[8.220777511596678,47.293376945793426],[8.220090866088867,47.29366801600461],[8.219060897827148,47.29489049339711],[8.220605850219727,47.29570546262529],[8.220176696777344,47.29622936478233],[8.219833374023438,47.2979174586459],[8.219060897827148,47.30030398215102],[8.218460083007812,47.30205015061552],[8.217430114746094,47.302573989908645],[8.217172622680664,47.30344704386265],[8.217859268188477,47.30490210174564],[8.217945098876953,47.30571691666616],[8.21725845336914,47.3061825195531],[8.217344284057617,47.306706317898765],[8.215713500976562,47.310198174224475],[8.213996887207031,47.31275872224939],[8.21202278137207,47.31479543322538],[8.209705352783203,47.316948442332944],[8.208503723144531,47.31741394628156],[8.207387924194336,47.31741394628156],[8.204727172851562,47.31875224729002],[8.20404052734375,47.3191595495644],[8.202152252197266,47.31927592106609]]]}},{"type":"Feature","properties":{"name":"lac de joux"},"geometry":{"type":"Polygon","coordinates":[[[6.324863433837891,46.667167984593746],[6.32537841796875,46.666107773368864],[6.320915222167969,46.663280441775065],[6.315164566040039,46.66009951698011],[6.304178237915039,46.653854935168035],[6.297740936279296,46.650909127403025],[6.290102005004883,46.64766855353688],[6.283664703369141,46.64448671030771],[6.278858184814453,46.640951109437744],[6.273965835571289,46.638240325626164],[6.272077560424805,46.637592074593236],[6.2683868408203125,46.635470471459094],[6.268043518066406,46.634586445602956],[6.266241073608398,46.63440963869877],[6.262979507446289,46.63205215811145],[6.2621212005615225,46.63063762046571],[6.260404586791992,46.6303429204695],[6.256799697875976,46.62875151276228],[6.256113052368164,46.62739583225371],[6.254911422729492,46.62716005826452],[6.253452301025391,46.6259811729142],[6.252937316894531,46.62433069029151],[6.250791549682617,46.622503311547675],[6.248903274536133,46.62214961821464],[6.24821662902832,46.62132432478491],[6.248474121093749,46.62061692040364],[6.247272491455078,46.618848369013556],[6.245126724243163,46.617374532060765],[6.24323844909668,46.61625438914692],[6.243152618408202,46.614721524452776],[6.244268417358398,46.61366028501599],[6.245384216308594,46.613483409754636],[6.245641708374023,46.61271694361346],[6.247529983520507,46.61383715969963],[6.249074935913086,46.614190907333935],[6.250619888305664,46.61531109293157],[6.251649856567383,46.61554691852587],[6.252937316894531,46.61454465265751],[6.25422477722168,46.6150163094945],[6.255855560302734,46.61607752235818],[6.257658004760742,46.618199885696626],[6.260404586791992,46.619261036171515],[6.261348724365234,46.61920208391293],[6.263322830200195,46.620086361052174],[6.263837814331055,46.62132432478491],[6.265382766723633,46.62191382137556],[6.267013549804687,46.62173697307233],[6.267614364624023,46.62238541402674],[6.267871856689453,46.623623325191645],[6.269073486328125,46.62415384988305],[6.271734237670898,46.62415384988305],[6.279287338256836,46.62657061879862],[6.280488967895508,46.628221033128646],[6.280231475830078,46.6296945748296],[6.281089782714844,46.62993033777906],[6.283578872680663,46.630166099701555],[6.285638809204102,46.63116807641531],[6.288299560546875,46.631993219781],[6.292934417724609,46.6351168628496],[6.297054290771484,46.638122462379656],[6.299371719360352,46.6387707070584],[6.302118301391601,46.641422536237094],[6.305294036865234,46.64189395892874],[6.309328079223633,46.64430993575182],[6.31190299987793,46.6470204154656],[6.316194534301758,46.6486702061899],[6.316366195678711,46.65014319110175],[6.3178253173828125,46.65073237383468],[6.320142745971679,46.65114479792893],[6.322460174560547,46.65120371539992],[6.323575973510741,46.65226421890328],[6.323490142822266,46.65379602058518],[6.32288932800293,46.65509212658214],[6.322975158691406,46.65715404937482],[6.323833465576172,46.65880353100141],[6.325979232788085,46.661277659095845],[6.328725814819336,46.66322153746113],[6.33061408996582,46.664753028765205],[6.330699920654297,46.66569546338791],[6.3294124603271475,46.666696782172096],[6.327953338623046,46.66769808240838],[6.326494216918944,46.66775698184467],[6.324863433837891,46.667167984593746]]]}},{"type":"Feature","properties":{"name":"lucerne"},"geometry":{"type":"Polygon","coordinates":[[[8.309097290039062,47.05187933257053],[8.317337036132812,47.0479025765211],[8.325233459472656,47.042521787558435],[8.330726623535156,47.042287827900275],[8.330726623535156,47.039246258977784],[8.339653015136717,47.03035452484264],[8.336563110351562,47.02731227566845],[8.337593078613281,47.02216345896305],[8.342399597167969,47.01841855307577],[8.339653015136717,47.01654600163033],[8.34136962890625,47.013268878586274],[8.341026306152344,47.00577755643445],[8.330039978027344,47.00062666295633],[8.325233459472656,47.002499772591854],[8.321456909179688,47.004372816556845],[8.317337036132812,47.0113961465523],[8.311843872070312,47.009289244518946],[8.306694030761719,47.00858692537163],[8.307723999023438,47.005075191113065],[8.312187194824219,47.00062666295633],[8.316307067871094,46.989855008117836],[8.312530517578125,46.98587362966408],[8.312530517578125,46.9790811819799],[8.329696655273438,46.97954965435394],[8.33038330078125,46.97416197423364],[8.311500549316406,46.96877375126787],[8.308410644531248,46.96947659374449],[8.294334411621094,46.96619658317045],[8.293304443359375,46.96361929090372],[8.282661437988281,46.95893298684206],[8.278884887695312,46.95494930564661],[8.282661437988281,46.95377757826479],[8.291244506835938,46.952840177887346],[8.296051025390625,46.95096532787357],[8.327980041503904,46.96479080278153],[8.336219787597656,46.97064797734849],[8.336219787597656,46.97580176043125],[8.3331298828125,46.97767574022988],[8.344459533691406,46.981891954654735],[8.35132598876953,46.98634204252131],[8.35132598876953,46.989152433469],[8.361625671386719,46.99617776437492],[8.368148803710938,47.00296803973969],[8.383255004882812,47.00273390667881],[8.391151428222656,47.00413868965255],[8.409347534179688,47.00367043276572],[8.419647216796875,47.00179736417431],[8.425140380859375,47.00226563747876],[8.432350158691406,47.00203150133961],[8.439903259277344,47.00132908676542],[8.445396423339844,47.00203150133961],[8.45466613769531,47.00086080525212],[8.462905883789062,46.99851933611914],[8.460502624511717,46.99641192616687],[8.457412719726562,46.99477277207473],[8.447456359863281,46.99477277207473],[8.436470031738281,46.9933677428342],[8.429946899414062,46.9910259453432],[8.418617248535156,46.9872788559221],[8.417587280273436,46.9828288460427],[8.424797058105469,46.9790811819799],[8.425483703613281,46.97673875853991],[8.431663513183594,46.97463048970669],[8.44024658203125,46.97463048970669],[8.446426391601562,46.97228787129455],[8.458786010742188,46.97181933529799],[8.467025756835938,46.97181933529799],[8.47320556640625,46.968539468389935],[8.477668762207031,46.96455650245836],[8.496894836425781,46.96221344278578],[8.514060974121092,46.96408789873344],[8.521957397460938,46.96830518448586],[8.543930053710938,46.97275640318636],[8.559036254882812,46.97673875853991],[8.567276000976562,46.98142350280382],[8.576545715332031,46.98470257956342],[8.587532043457031,46.98774725646568],[8.595085144042969,46.98540521270224],[8.596458435058594,46.98236040240103],[8.59130859375,46.97627026153791],[8.593368530273438,46.96807089955555],[8.589591979980469,46.956589680879944],[8.5858154296875,46.947918556520655],[8.582382202148438,46.93971484852761],[8.578605651855469,46.93221321535811],[8.581008911132812,46.927524160965085],[8.5858154296875,46.925179479825836],[8.592338562011719,46.920489809659],[8.5968017578125,46.91884832811514],[8.592338562011719,46.91415810374319],[8.590965270996094,46.903838165061394],[8.59405517578125,46.897035300912016],[8.600578308105469,46.888589165263326],[8.604698181152342,46.88952769046768],[8.609848022460938,46.898208270105194],[8.616371154785154,46.89891203930482],[8.622550964355469,46.90172702373143],[8.624267578125,46.909232926322225],[8.621177673339844,46.911343772067056],[8.623924255371094,46.917206796282194],[8.619804382324219,46.92236572698808],[8.612251281738281,46.92611736459703],[8.612594604492188,46.934088722172206],[8.619117736816406,46.9446372241817],[8.619117736816406,46.95049660510784],[8.620491027832031,46.95260582522741],[8.617057800292969,46.95823000582864],[8.61328125,46.96900803311957],[8.610534667968748,46.9732249309735],[8.610877990722656,46.988215652904664],[8.605384826660156,46.9933677428342],[8.598861694335936,46.99360191693961],[8.590965270996094,46.995475272842356],[8.586502075195312,47.00109494652183],[8.576545715332031,46.999690083512],[8.563499450683594,46.99570943771268],[8.556632995605469,46.990323386086374],[8.538436889648436,46.98844984958496],[8.531570434570312,46.990557573531454],[8.523330688476562,46.991494313050424],[8.517494201660156,46.99360191693961],[8.499984741210938,46.992431036151324],[8.492774963378906,46.9910259453432],[8.48487854003906,46.99430443309905],[8.475608825683594,46.995475272842356],[8.47869873046875,46.99875348764993],[8.485908508300781,47.00179736417431],[8.482475280761719,47.00975745215339],[8.482131958007812,47.015141544951426],[8.471145629882812,47.01935480417299],[8.46771240234375,47.023333688184934],[8.460502624511717,47.02403581340544],[8.45466613769531,47.02380177269133],[8.441619873046875,47.03105655771958],[8.427200317382812,47.03129056662649],[8.4210205078125,47.02895043138593],[8.409347534179688,47.02988649779452],[8.401107788085938,47.026376164114176],[8.39630126953125,47.02871641221868],[8.400764465332031,47.03503456959746],[8.416557312011719,47.04392552396142],[8.427200317382812,47.05375064458413],[8.426856994628906,47.06006583785999],[8.4320068359375,47.06895262060281],[8.435783386230469,47.07690269678769],[8.438529968261719,47.07900693020397],[8.437843322753906,47.08157865819638],[8.43475341796875,47.08274758442959],[8.426856994628906,47.075967455262315],[8.421707153320312,47.06848493212917],[8.41278076171875,47.06310621972502],[8.409347534179688,47.06474327660511],[8.402481079101562,47.06170298810154],[8.396987915039062,47.05632359138879],[8.384971618652344,47.04930617133717],[8.362312316894531,47.033630599264086],[8.353729248046875,47.034098593479285],[8.353042602539062,47.03737443807156],[8.349952697753906,47.04322366037691],[8.345146179199219,47.04556316974868],[8.340339660644531,47.04860437854608],[8.33587646484375,47.04977402806796],[8.331756591796875,47.054686275967576],[8.329010009765625,47.05515408550348],[8.325920104980469,47.05351673417332],[8.323516845703125,47.05492018124853],[8.315620422363281,47.054686275967576],[8.311843872070312,47.054686275967576],[8.309097290039062,47.05187933257053]]]}},{"type":"Feature","properties":{"name":"lugano"},"geometry":{"type":"Polygon","coordinates":[[[8.950080871582031,46.002208482091724],[8.9483642578125,45.99863112886482],[8.946304321289062,45.994337999679594],[8.952484130859375,45.989567465502375],[8.95557403564453,45.98789768139442],[8.955230712890625,45.98121804124019],[8.955230712890625,45.977400742149754],[8.951797485351562,45.97167430006622],[8.948020935058594,45.9675580540677],[8.948965072631836,45.96594726584162],[8.947591781616211,45.96475405917947],[8.946819305419922,45.95825063114662],[8.950252532958984,45.95550583612821],[8.957805633544922,45.95377535200276],[8.957633972167969,45.95323829421797],[8.954286575317383,45.95276090515122],[8.9483642578125,45.95276090515122],[8.94561767578125,45.95144806401418],[8.943643569946289,45.95138838867812],[8.93960952758789,45.94607702643636],[8.939523696899414,45.94392846567885],[8.937549591064453,45.94177982164883],[8.936948776245117,45.940168283978565],[8.935747146606445,45.938855144577424],[8.932828903198242,45.9355721600169],[8.930597305297852,45.93390074775924],[8.928537368774414,45.93181141159683],[8.926305770874022,45.9297219967228],[8.923816680908203,45.92745340002424],[8.921585083007812,45.92631906688105],[8.91763687133789,45.922915928275486],[8.91489028930664,45.9224382780807],[8.911628723144531,45.92309504603832],[8.910770416259766,45.923572690578666],[8.908624649047852,45.92518471054188],[8.906393051147461,45.92745340002424],[8.904333114624023,45.92793100703977],[8.901758193969727,45.93061746987842],[8.89918327331543,45.932050196856295],[8.897895812988281,45.933482886823676],[8.903732299804688,45.946554473073874],[8.903303146362305,45.946972235508426],[8.903474807739258,45.94774807167677],[8.9044189453125,45.948643253762455],[8.904504776000977,45.94989648439473],[8.903732299804688,45.950970659526696],[8.902616500854492,45.952164163035],[8.902788162231445,45.953476987209285],[8.9044189453125,45.954789780285225],[8.903989791870117,45.956699241972295],[8.90141487121582,45.95759427948907],[8.901929855346678,45.96051796796274],[8.900299072265625,45.96212891405598],[8.900213241577148,45.96403812284582],[8.899354934692383,45.96582794633194],[8.899354934692383,45.966961471297225],[8.897809982299805,45.96851257313614],[8.899784088134766,45.970481216767304],[8.900728225708008,45.97376213399733],[8.90141487121582,45.97417969133862],[8.90115737915039,45.97513409629649],[8.903217315673828,45.97650602460677],[8.904247283935547,45.97853403028447],[8.906221389770508,45.979846229673825],[8.908109664916992,45.98217232489232],[8.908796310424803,45.9831862332504],[8.909311294555664,45.98569110370519],[8.910942077636719,45.986764584919165],[8.91214370727539,45.99046197198243],[8.911371231079102,45.99070050460229],[8.910598754882812,45.99284725192097],[8.909568786621094,45.99302614377226],[8.908367156982422,45.99403985334036],[8.907337188720703,45.99493428753935],[8.906736373901367,45.994576515594495],[8.905706405639648,45.99403985334036],[8.904247283935547,45.99403985334036],[8.90167236328125,45.99242983535259],[8.899869918823242,45.991714256768034],[8.89892578125,45.99231057289768],[8.897037506103514,45.9924894664837],[8.894805908203125,45.99010417112516],[8.892831802368164,45.98759950036022],[8.892660140991211,45.986764584919165],[8.89394760131836,45.9853929107847],[8.894205093383789,45.984557962061984],[8.89514923095703,45.981516256648376],[8.894548416137695,45.98080053697022],[8.894977569580078,45.97996551898539],[8.894891738891602,45.979130488407414],[8.894462585449219,45.97841473788887],[8.894891738891602,45.976684969271886],[8.894977569580078,45.97567094185704],[8.894376754760742,45.97531304539492],[8.893518447875977,45.97453759512536],[8.893518447875977,45.97382178523886],[8.892745971679688,45.97233048492573],[8.891286849975586,45.97239013770929],[8.890600204467773,45.97274805306124],[8.889141082763672,45.97233048492573],[8.886995315551758,45.971018107432265],[8.883991241455078,45.970063631540924],[8.883562088012695,45.969168795454294],[8.883733749389648,45.96773702764594],[8.884849548339844,45.96624556349142],[8.887596130371094,45.96332217725987],[8.88845443725586,45.96302386386836],[8.887767791748047,45.96236756875283],[8.887081146240234,45.961054955198236],[8.885278701782227,45.960338971061034],[8.87969970703125,45.95974231054558],[8.877038955688477,45.95920531058811],[8.875064849853516,45.95902630944577],[8.873605728149414,45.959622977671465],[8.872575759887695,45.95968264414067],[8.8714599609375,45.960338971061034],[8.869829177856444,45.96087596003134],[8.869400024414062,45.96147260833885],[8.870258331298828,45.96254655910081],[8.870429992675781,45.96481372012299],[8.872747421264647,45.966364882101566],[8.873519897460938,45.96773702764594],[8.872489929199219,45.96904948288379],[8.870515823364258,45.97042156192771],[8.868799209594725,45.97221117916592],[8.867597579956055,45.97221117916592],[8.86570930480957,45.970839144455525],[8.862791061401367,45.970123286766004],[8.860645294189453,45.96934776382815],[8.86021614074707,45.96803531565797],[8.859357833862305,45.966961471297225],[8.858585357666016,45.96564896658551],[8.859872817993164,45.963143189417735],[8.860645294189453,45.962307905175],[8.862791061401367,45.96147260833885],[8.864679336547852,45.960577633468134],[8.865108489990234,45.96075662959882],[8.866310119628906,45.96021963947196],[8.866653442382812,45.95980197688627],[8.870172500610352,45.95992130937488],[8.87096643447876,45.95980943517433],[8.871341943740845,45.959622977671465],[8.871867656707764,45.959041226229715],[8.873981237411499,45.95906360139811],[8.87444257736206,45.95889951662006],[8.874742984771729,45.95850421947756],[8.874635696411131,45.95805670987514],[8.874367475509644,45.95743019035992],[8.874582052230835,45.95720643167344],[8.875011205673218,45.95587877821532],[8.875923156738281,45.95473010854736],[8.876298666000366,45.95418560097092],[8.87697458267212,45.95396928825712],[8.877789974212646,45.95401404268097],[8.879055976867676,45.954036419879344],[8.880665302276611,45.95425273233115],[8.882253170013428,45.95404387894346],[8.884173631668089,45.954461584931714],[8.886415958404541,45.954677895723975],[8.889741897583008,45.9546107648788],[8.890728950500488,45.954133387634556],[8.890600204467773,45.95302943700725],[8.890643119812012,45.95183595213229],[8.890299797058105,45.95106017318134],[8.889827728271484,45.950105353411914],[8.890256881713865,45.94915051719373],[8.891758918762207,45.94849405775212],[8.892230987548826,45.947986788313194],[8.893775939941406,45.946554473073874],[8.89369010925293,45.94542053059532],[8.893733024597168,45.94425672340607],[8.893046379089355,45.94309289178446],[8.89193058013916,45.94246620309902],[8.890557289123535,45.94219762006529],[8.889870643615723,45.940824842017065],[8.887767791748047,45.93610938897286],[8.888282775878904,45.93049807429298],[8.889484405517578,45.9290653072203],[8.889656066894531,45.925960851595654],[8.891544342041016,45.92225915819743],[8.89892578125,45.918915480893816],[8.89892578125,45.91592988445328],[8.900470733642578,45.913780155548565],[8.897724151611328,45.91127203324223],[8.897724151611328,45.909241565499485],[8.89566421508789,45.907211023476776],[8.897380828857422,45.90494150625486],[8.901329040527344,45.90291080693288],[8.90493392944336,45.90338862522072],[8.905448913574219,45.90661379109846],[8.911457061767578,45.91127203324223],[8.911628723144531,45.91258582572944],[8.918838500976562,45.91473560089824],[8.9263916015625,45.91784068468078],[8.929309844970703,45.919870837827936],[8.929824829101562,45.922020330786864],[8.934459686279297,45.924289149678586],[8.937206268310547,45.92846831001675],[8.938579559326172,45.93085626027824],[8.941154479980469,45.931095049650004],[8.94887924194336,45.935870621190546],[8.952484130859375,45.93336349740665],[8.957290649414062,45.93169201858156],[8.964157104492188,45.92811010861037],[8.968620300292969,45.924289149678586],[8.970680236816406,45.920706761651715],[8.9703369140625,45.91413844948237],[8.971023559570312,45.913421859301586],[8.973255157470703,45.91055540605009],[8.971881866455078,45.907211023476776],[8.974628448486328,45.90661379109846],[8.975486755371094,45.90529985724796],[8.980979919433594,45.90589710376265],[8.982353210449219,45.90852491209093],[8.982524871826172,45.91091372080279],[8.983726501464844,45.91389958711685],[8.983039855957031,45.915810457254395],[8.983898162841797,45.917243566677804],[8.983039855957031,45.91927374167179],[8.977890014648438,45.924527967322405],[8.976688385009766,45.925244414085384],[8.975830078125,45.92990109251051],[8.972740173339844,45.930378678450516],[8.96810531616211,45.93336349740665],[8.96810531616211,45.93813887361446],[8.965187072753906,45.939810158135174],[8.964500427246094,45.942675100114606],[8.966045379638672,45.94924003378794],[8.963470458984375,45.95186578956742],[8.964328765869139,45.954133387634556],[8.966560363769531,45.961054955198236],[8.969135284423828,45.96403812284582],[8.970508575439453,45.9689301700563],[8.973426818847656,45.97394108752912],[8.973770141601562,45.97632707936341],[8.973083496093748,45.97716215221848],[8.975486755371094,45.980621605605016],[8.979263305664062,45.98467724122193],[8.985443115234375,45.98789768139442],[8.992652893066406,45.98992526982915],[9.007415771484375,45.99445725776554],[9.011192321777344,45.99767712894077],[9.016342163085938,45.99791563046376],[9.026470184326172,46.001493029950105],[9.035911560058594,46.00757407825125],[9.041576385498047,46.0113892966806],[9.046382904052734,46.011270075088085],[9.049129486083983,46.010673963270605],[9.051704406738281,46.0113892966806],[9.059772491455076,46.01055474013613],[9.063034057617188,46.010673963270605],[9.070072174072266,46.00936249465674],[9.075736999511719,46.00912404247693],[9.082260131835936,46.00721638803131],[9.085521697998047,46.00876636227978],[9.087581634521484,46.007335618361644],[9.092559814453125,46.007335618361644],[9.105091094970703,46.01377367456231],[9.105262756347656,46.01520425194874],[9.108695983886719,46.015681102853804],[9.111785888671875,46.018542121934935],[9.115390777587889,46.01913814894498],[9.12139892578125,46.02378693912548],[9.122772216796875,46.025098065683686],[9.124145507812498,46.02521725746524],[9.124488830566406,46.02843533842512],[9.123287200927734,46.02998471799633],[9.122085571289062,46.03320252140958],[9.119853973388672,46.03344086976535],[9.117107391357422,46.035824296786195],[9.114017486572266,46.035824296786195],[9.112129211425781,46.034870938313176],[9.105262756347656,46.032368294069286],[9.101829528808594,46.02986553649432],[9.098052978515625,46.02700510334968],[9.092388153076172,46.02497887364517],[9.088611602783203,46.02390613373389],[9.08294677734375,46.02438290959768],[9.081230163574217,46.02378693912548],[9.076766967773438,46.024502102921176],[9.070930480957031,46.02402532808534],[9.062004089355469,46.02462129598765],[9.059257507324219,46.02390613373389],[9.05393600463867,46.02426371601721],[9.049644470214844,46.02521725746524],[9.047927856445312,46.02557483126793],[9.041919708251953,46.02497887364517],[9.031534194946287,46.02110499249438],[9.024839401245117,46.01848251888057],[9.015312194824219,46.013117980892424],[9.005098342895508,46.00650100065259],[8.999261856079102,46.00459325574482],[8.993768692016602,46.004056690635586],[8.986215591430664,46.00155265131528],[8.980722427368164,45.99988322880428],[8.97531509399414,46.0003602118045],[8.973169326782227,46.00191037815707],[8.972911834716797,46.00280468514235],[8.971023559570312,46.003043164563614],[8.970508575439453,46.004950962926436],[8.967247009277342,46.00536828504833],[8.963985443115234,46.00501058056517],[8.962440490722656,46.00387783444272],[8.962354660034178,46.00191037815707],[8.961324691772461,46.00208924071062],[8.959951400756836,46.003579739502925],[8.958148956298828,46.004235546250236],[8.954973220825195,46.003341262394606],[8.953170776367188,46.003460501077264],[8.950080871582031,46.002208482091724]]]}},{"type":"Feature","properties":{"name":"maggiore"},"geometry":{"type":"Polygon","coordinates":[[[8.832664489746094,46.18006812279714],[8.8275146484375,46.17483815092686],[8.823051452636719,46.17483815092686],[8.815841674804688,46.17222297845542],[8.802452087402344,46.17127197581503],[8.80451202392578,46.16556561464647],[8.803138732910156,46.15462676770412],[8.800048828125,46.15082144159971],[8.791809082031248,46.1458265517932],[8.783226013183594,46.145588688591964],[8.776359558105469,46.148442979172565],[8.76983642578125,46.15319980124842],[8.766059875488281,46.153675460844774],[8.760910034179688,46.15415111633001],[8.750953674316406,46.15058359998204],[8.735847473144531,46.148442979172565],[8.727264404296875,46.14130697521705],[8.715248107910156,46.12964951278235],[8.714218139648438,46.12441474733568],[8.7066650390625,46.113467721156525],[8.696365356445312,46.1022804698085],[8.691558837890625,46.09228143052649],[8.692245483398438,46.08418564215268],[8.694648742675781,46.07632682888291],[8.69293212890625,46.07394514932084],[8.699111938476562,46.06965786708025],[8.701171874999998,46.06036761304854],[8.704261779785156,46.05774700231395],[8.705635070800781,46.053934982852454],[8.704948425292969,46.04726331559642],[8.707008361816404,46.042259036286296],[8.707351684570312,46.03916092192117],[8.710784912109375,46.03606263383459],[8.710441589355469,46.03058062165159],[8.703575134277344,46.02628997193461],[8.692588806152344,46.02319096222853],[8.6846923828125,46.021522192737464],[8.680572509765625,46.01866132785093],[8.677139282226562,46.021045392202666],[8.673019409179688,46.01818450264502],[8.668556213378906,46.01174695991616],[8.659286499023436,46.00459325574482],[8.656196594238281,45.99743862638977],[8.64898681640625,45.990521605233766],[8.641090393066406,45.984557962061984],[8.63525390625,45.97692356125919],[8.626670837402344,45.968094973067615],[8.62152099609375,45.959264977507075],[8.606414794921875,45.9511496866914],[8.599205017089844,45.94542053059532],[8.590965270996094,45.94255573048781],[8.589591979980469,45.93992953367333],[8.582382202148438,45.93873576672614],[8.573799133300781,45.93324410773261],[8.573799133300781,45.92990109251051],[8.567619323730469,45.92870710966921],[8.565902709960938,45.924647375758795],[8.561439514160156,45.919393161417055],[8.56109619140625,45.9155716020855],[8.554916381835938,45.921065010863714],[8.548393249511719,45.922975634260666],[8.544273376464842,45.92799070762755],[8.540496826171875,45.93085626027824],[8.533287048339844,45.932288981087694],[8.5308837890625,45.93419921792843],[8.513717651367188,45.93969078234],[8.506851196289062,45.936586921453284],[8.498954772949219,45.93849701025253],[8.493118286132812,45.9353930825417],[8.488998413085938,45.935870621190546],[8.481101989746094,45.93085626027824],[8.4814453125,45.92870710966921],[8.487625122070312,45.925125006934095],[8.50616455078125,45.91246639133389],[8.507022857666016,45.909480447912806],[8.505992889404297,45.90840546895658],[8.507366180419922,45.90446370133234],[8.521785736083984,45.89000815866184],[8.52487564086914,45.89060556967395],[8.530025482177734,45.88893280264714],[8.537406921386719,45.8855871174599],[8.541526794433594,45.88463117039401],[8.546161651611328,45.88307772132718],[8.552684783935547,45.88032920502871],[8.56435775756836,45.87124618421571],[8.567276000976562,45.86503063035422],[8.56985092163086,45.85104309296914],[8.573799133300781,45.840879000148306],[8.56882095336914,45.83418164183906],[8.564872741699219,45.83071305019327],[8.56658935546875,45.82736386003367],[8.566761016845703,45.82210043976411],[8.56332778930664,45.81875073139775],[8.558349609375,45.81468295745221],[8.552513122558594,45.81348649679971],[8.548221588134764,45.81575975006171],[8.54513168334961,45.81420437627581],[8.543758392333984,45.809298682089036],[8.543071746826172,45.807384147630266],[8.540840148925781,45.806307193078936],[8.541355133056639,45.80343521248288],[8.540840148925781,45.8005630838246],[8.537578582763672,45.798767928225125],[8.538093566894531,45.79589555896488],[8.539981842041016,45.794698694740575],[8.541355133056639,45.79326242374016],[8.539810180664062,45.791586727455694],[8.540668487548828,45.78883368846836],[8.541355133056639,45.78416518114364],[8.542213439941406,45.78045403744003],[8.54238510131836,45.77650319365697],[8.546676635742188,45.77147444215576],[8.552684783935547,45.76728346951605],[8.558864593505858,45.76369095661865],[8.562297821044922,45.76057725829968],[8.56109619140625,45.75626569682181],[8.564701080322266,45.75494820880817],[8.568477630615234,45.75482843562817],[8.567962646484375,45.752912029787566],[8.56607437133789,45.74704262752457],[8.568305969238281,45.745365542083405],[8.570537567138672,45.74392800017431],[8.572940826416016,45.74201122004585],[8.575859069824219,45.741651816445376],[8.578605651855469,45.73829727127337],[8.580322265624998,45.73817746236117],[8.579635620117188,45.73650011059822],[8.580665588378906,45.731827222149356],[8.582897186279297,45.729790199691195],[8.583240509033201,45.72667460987646],[8.585128784179688,45.72343900575002],[8.588905334472656,45.72307948261219],[8.595085144042969,45.72439772280638],[8.596458435058594,45.7254762598288],[8.597660064697266,45.72535642341016],[8.601093292236328,45.72535642341016],[8.60504150390625,45.724757237460835],[8.609676361083984,45.724757237460835],[8.61276626586914,45.72463739949975],[8.615856170654297,45.723918366334765],[8.618602752685547,45.72367868655654],[8.62152099609375,45.72307948261219],[8.624267578125,45.72271995716075],[8.625640869140625,45.72427788407408],[8.62203598022461,45.7257159318949],[8.618431091308594,45.72619527294225],[8.619976043701172,45.72739360756561],[8.619461059570312,45.72883157518033],[8.616714477539062,45.72967037252707],[8.614139556884766,45.72787293421699],[8.61104965209961,45.726434941923486],[8.605728149414062,45.72667460987646],[8.60452651977539,45.72967037252707],[8.606071472167969,45.733025435949735],[8.604183197021484,45.73542178642972],[8.598175048828125,45.7331452559159],[8.596630096435547,45.73841707992852],[8.597145080566406,45.74225082116087],[8.592853546142578,45.75267247443033],[8.591995239257812,45.75387024093393],[8.587188720703123,45.75494820880817],[8.583755493164062,45.75482843562817],[8.58427047729492,45.75758315373073],[8.581867218017578,45.75949939916341],[8.581008911132812,45.76273291410594],[8.57980728149414,45.762493400907154],[8.57809066772461,45.764169971705535],[8.579120635986328,45.765726742332504],[8.578948974609375,45.76764270808123],[8.581867218017578,45.769199381796014],[8.58306884765625,45.769199381796014],[8.584613800048828,45.77087575105822],[8.582382202148438,45.77039679355309],[8.58083724975586,45.77099548979185],[8.57431411743164,45.77075601206752],[8.568992614746094,45.77051653331496],[8.567619323730469,45.77482699354027],[8.563671112060547,45.77770044860753],[8.56332778930664,45.779137120616426],[8.564701080322266,45.78380604900099],[8.5638427734375,45.78524256369046],[8.565902709960938,45.78823518373807],[8.56710433959961,45.79146703293602],[8.568992614746094,45.79445931881104],[8.568305969238281,45.79804984979098],[8.571224212646484,45.800204057331655],[8.576030731201172,45.80104178221643],[8.578948974609375,45.80008438131991],[8.583240509033201,45.79864824912875],[8.585472106933594,45.79757112569381],[8.587703704833984,45.798767928225125],[8.590621948242188,45.798528569775286],[8.590965270996094,45.79960567470238],[8.593196868896484,45.79972535174233],[8.59405517578125,45.798289210297234],[8.596115112304688,45.799126963971986],[8.59954833984375,45.80128112987001],[8.601093292236328,45.80235818158709],[8.60280990600586,45.80487122128867],[8.606929779052734,45.80666618024284],[8.607616424560545,45.809537994269434],[8.60727310180664,45.813366849320694],[8.607101440429688,45.816238317871516],[8.606071472167969,45.81839182212003],[8.611564636230467,45.82210043976411],[8.612079620361328,45.82497145796607],[8.613109588623047,45.825928431131345],[8.61602783203125,45.82401446834977],[8.617229461669922,45.82317708894054],[8.622550964355469,45.82521070279965],[8.624439239501953,45.826885387845664],[8.625984191894531,45.82700500627823],[8.62649917602539,45.83023460679437],[8.624439239501953,45.83310520549682],[8.62323760986328,45.83358362421937],[8.624095916748047,45.835377657800095],[8.622550964355469,45.83980269335617],[8.62152099609375,45.841596526442814],[8.621864318847656,45.84231404348377],[8.619632720947266,45.8453035982173],[8.619976043701172,45.84649937512838],[8.6187744140625,45.848412564721556],[8.6187744140625,45.8519996178507],[8.619804382324219,45.85271700071619],[8.6187744140625,45.8541517386869],[8.617057800292969,45.853075688678885],[8.61379623413086,45.85331481270217],[8.610363006591797,45.85522776787471],[8.610877990722656,45.857379763789915],[8.606071472167969,45.86216167877049],[8.606414794921875,45.86419386810264],[8.602466583251953,45.87196331878328],[8.598175048828125,45.87602690654974],[8.597145080566406,45.8766244679252],[8.596973419189453,45.87997069287857],[8.600234985351562,45.881285226119665],[8.599891662597656,45.88510914598321],[8.598003387451172,45.88869383181654],[8.595256805419922,45.890844532279615],[8.593711853027344,45.89156141392785],[8.593711853027344,45.894070426828996],[8.595600128173828,45.89669879496055],[8.596458435058594,45.90052165380744],[8.598690032958984,45.90482205540977],[8.601093292236328,45.90661379109846],[8.605384826660156,45.90709157751516],[8.610534667968748,45.90673323808819],[8.615169525146484,45.907330469181375],[8.619461059570312,45.909599888733936],[8.617229461669922,45.91258582572944],[8.61448287963867,45.91306356074138],[8.610706329345703,45.91509388866347],[8.61328125,45.91831837445679],[8.617401123046873,45.922020330786864],[8.622207641601562,45.924289149678586],[8.625812530517578,45.92476678393814],[8.6297607421875,45.92655787578621],[8.636455535888672,45.93061746987842],[8.639030456542969,45.93193080435507],[8.643150329589844,45.93599000521019],[8.649501800537108,45.93969078234],[8.65345001220703,45.939452029978625],[8.659801483154297,45.94255573048781],[8.661174774169922,45.94613670749096],[8.66048812866211,45.94780775093224],[8.661003112792969,45.95055292722689],[8.661518096923828,45.953297967562186],[8.669929504394531,45.95783295371863],[8.675422668457031,45.960458302393086],[8.680229187011719,45.96165160157818],[8.681774139404297,45.96356082681656],[8.685379028320312,45.96487338100223],[8.686580657958983,45.96487338100223],[8.705806732177734,45.976446376256575],[8.710269927978516,45.97895155164517],[8.712329864501953,45.984557962061984],[8.711471557617188,45.98682422215401],[8.711471557617188,45.988613309322986],[8.714733123779297,45.98944819687946],[8.718338012695312,45.990998668931454],[8.724002838134766,45.997319374728775],[8.727951049804688,45.99576907974905],[8.728466033935545,45.99696161820381],[8.730354309082031,45.996723112568844],[8.73361587524414,45.99743862638977],[8.735675811767578,45.99982360564013],[8.740825653076172,46.00208924071062],[8.748207092285156,46.00900481600153],[8.752498626708984,46.018542121934935],[8.750953674316406,46.02009177879751],[8.751811981201172,46.021998989160416],[8.749237060546875,46.02628997193461],[8.746833801269531,46.03189158707829],[8.745803833007812,46.03403673615754],[8.742198944091797,46.03606263383459],[8.73533248901367,46.03725430365745],[8.732414245605467,46.03928008337828],[8.732070922851562,46.04118663174225],[8.733787536621094,46.045714420441605],[8.732585906982422,46.04702502686093],[8.732070922851562,46.048812167321294],[8.733787536621094,46.052267141590704],[8.732242584228516,46.05703226870927],[8.730010986328125,46.060605844220596],[8.73189926147461,46.0653702518009],[8.732070922851562,46.068824190192224],[8.727607727050781,46.07299244871508],[8.724174499511719,46.07680315246066],[8.722114562988281,46.080018229067804],[8.721256256103516,46.07966100758462],[8.720741271972656,46.081208950641894],[8.721427917480469,46.08454283434125],[8.726749420166016,46.088352740450006],[8.729839324951172,46.091329046507695],[8.735160827636719,46.0947813603295],[8.73636245727539,46.098590559265304],[8.737220764160154,46.102161444290594],[8.738594055175781,46.103470710854594],[8.742713928222656,46.103470710854594],[8.748550415039062,46.10299461751972],[8.754386901855469,46.10370875598026],[8.755931854248047,46.1046609262044],[8.758163452148438,46.104898966190824],[8.764514923095701,46.10846944264526],[8.767433166503904,46.11013558584655],[8.770351409912108,46.113586722263115],[8.774127960205078,46.11632367679381],[8.782367706298828,46.121440227162516],[8.782367706298828,46.122511072925676],[8.783912658691406,46.123224958538124],[8.787002563476562,46.123224958538124],[8.791122436523438,46.12643732932027],[8.798503875732422,46.129768478942836],[8.79906177520752,46.131166312081305],[8.800435066223145,46.13146371881036],[8.80403995513916,46.13303994766299],[8.80627155303955,46.13518116742138],[8.810262680053711,46.1366680766055],[8.813395500183105,46.13753046553617],[8.81502628326416,46.13815494564098],[8.81579875946045,46.138273893429385],[8.823223114013672,46.13984992736824],[8.826656341552734,46.13984992736824],[8.829660415649414,46.14047438116774],[8.83425235748291,46.14092041525994],[8.838200569152832,46.14240716947085],[8.838458061218262,46.14329920272618],[8.840818405151367,46.14469669243357],[8.84326457977295,46.14487509282153],[8.844766616821289,46.144637225509136],[8.846611976623535,46.14505349263134],[8.854293823242188,46.1471347810282],[8.85519504547119,46.14841324774184],[8.855624198913574,46.14936464556002],[8.860301971435547,46.149037604414865],[8.865537643432617,46.150107913663334],[8.865365982055664,46.15159441975904],[8.862876892089844,46.15123766195753],[8.863048553466797,46.15278359572918],[8.860816955566406,46.15088090184356],[8.858070373535154,46.150702520919346],[8.856353759765625,46.15135658148165],[8.855066299438477,46.15403220284412],[8.858156204223633,46.155161870585935],[8.862276077270508,46.15539969241882],[8.861675262451172,46.15676714801263],[8.85498046875,46.15730223008196],[8.856267929077148,46.158253474246926],[8.854379653930664,46.160215363402486],[8.860130310058594,46.16295000126679],[8.86347770690918,46.16413893185584],[8.861246109008789,46.16407948593662],[8.85472297668457,46.16205828646319],[8.853950500488281,46.163544469773086],[8.855409622192383,46.16295000126679],[8.858156204223633,46.16497116798017],[8.856611251831055,46.16526839211625],[8.857641220092773,46.16616005488926],[8.859186172485352,46.16984544102185],[8.859272003173828,46.17103422258557],[8.858327865600586,46.17085590698898],[8.857126235961912,46.16841886922939],[8.856439590454102,46.16669504561563],[8.852405548095703,46.165149502654536],[8.849830627441406,46.16818110366683],[8.847427368164062,46.17043983501543],[8.844852447509766,46.17281734675514],[8.842449188232422,46.174778716569904],[8.841419219970703,46.17561079172184],[8.840818405151367,46.178404094795034],[8.839788436889648,46.17893896643057],[8.83798599243164,46.17876067646351],[8.834466934204102,46.17965212051781],[8.832664489746094,46.18006812279714]]]}},{"type":"Feature","properties":{"name":"morat"},"geometry":{"type":"Polygon","coordinates":[[[7.06146240234375,46.938894408584595],[7.0594024658203125,46.93549530917939],[7.049961090087891,46.93256487788886],[7.046356201171875,46.92928260446945],[7.044124603271484,46.927993084877485],[7.040004730224609,46.92611736459703],[7.038974761962891,46.92471053128251],[7.036399841308593,46.924241578633996],[7.035026550292969,46.923303661021414],[7.035884857177734,46.92177950987858],[7.033824920654297,46.92037256264506],[7.033824920654297,46.919434577296634],[7.0346832275390625,46.91826207251922],[7.03348159790039,46.916737777950274],[7.036914825439452,46.91263369243081],[7.042407989501953,46.90817747227504],[7.046527862548828,46.90548010639833],[7.049274444580078,46.90571466534108],[7.052536010742187,46.904307296289375],[7.053565979003906,46.905010985433776],[7.056312561035156,46.905010985433776],[7.057514190673828,46.90594922325753],[7.058887481689453,46.905010985433776],[7.065067291259766,46.90512826605979],[7.067813873291016,46.907356549203],[7.0697021484375,46.90759109993506],[7.076225280761719,46.91005382065696],[7.078113555908203,46.91040562866598],[7.084808349609375,46.91310274668382],[7.087383270263672,46.91497892264311],[7.088584899902343,46.916503267244835],[7.088584899902343,46.92142777653395],[7.089786529541016,46.9220139974921],[7.0949363708496085,46.92072430291719],[7.095966339111328,46.921076040880166],[7.096996307373047,46.92072430291719],[7.0992279052734375,46.92084154916144],[7.101631164550781,46.922951937683216],[7.1031761169433585,46.92306917905251],[7.105922698974609,46.92447605547139],[7.106609344482421,46.92611736459703],[7.109699249267578,46.927524160965085],[7.110729217529297,46.927406929345565],[7.118110656738281,46.932330436458265],[7.1198272705078125,46.934088722172206],[7.120857238769531,46.934557588613],[7.12662935256958,46.939363232948565],[7.127079963684081,46.93920207503647],[7.1269941329956055,46.93946578773096],[7.127251625061035,46.9398760048963],[7.127702236175537,46.94006646179754],[7.128517627716064,46.93990530600212],[7.128925323486328,46.94012506378472],[7.129268646240234,46.94050597513785],[7.129182815551758,46.94072573045504],[7.1292901039123535,46.94087223349874],[7.130856513977051,46.941575442528155],[7.131392955780029,46.941575442528155],[7.131478786468505,46.94192704357929],[7.131693363189697,46.94201494348125],[7.132101058959961,46.94202959345091],[7.1326375007629395,46.94214679306364],[7.133409976959228,46.94276208682137],[7.1337103843688965,46.94478371652191],[7.127680778503418,46.95190276109027],[7.120234966278075,46.95666291074459],[7.11989164352417,46.956604326860884],[7.119591236114502,46.95557909851341],[7.11888313293457,46.955242233483396],[7.119140625,46.956999766831295],[7.118067741394043,46.95754166130373],[7.11789608001709,46.957043704425374],[7.116715908050537,46.95720480862841],[7.115921974182129,46.95716087116659],[7.1147847175598145,46.95758559845286],[7.113089561462402,46.95760024416124],[7.1070170402526855,46.9555351597167],[7.1063947677612305,46.955066476973755],[7.101459503173828,46.95289876589196],[7.100880146026611,46.95313311726911],[7.099936008453369,46.95262047229872],[7.097232341766357,46.95156587291813],[7.097125053405762,46.951770935536324],[7.094550132751465,46.95100927042239],[7.089486122131348,46.94873885817681],[7.084722518920898,46.94723007935608],[7.084078788757324,46.94681991853821],[7.083563804626465,46.94703964793863],[7.082061767578125,46.9466148369507],[7.0815253257751465,46.946233969060785],[7.077770233154297,46.944842313345774],[7.077212333679199,46.94475441808595],[7.076761722564697,46.94468117192584],[7.076268196105957,46.94465187343375],[7.0757317543029785,46.94434423829861],[7.0748090744018555,46.943992653122315],[7.074573040008545,46.94408054963286],[7.073607444763184,46.94371431322012],[7.07341432571411,46.943978003689864],[7.072491645812987,46.94377291121452],[7.072470188140868,46.94364106563693],[7.071633338928223,46.94333342469309],[7.071418762207031,46.943113680079385],[7.07019567489624,46.942835335607214],[7.069745063781738,46.942835335607214],[7.0690155029296875,46.942586289326464],[7.068629264831543,46.942586289326464],[7.068006992340088,46.9421614429972],[7.067813873291016,46.94183914353296],[7.067363262176514,46.941883093574155],[7.066397666931152,46.941692643135106],[7.066011428833008,46.94137034084868],[7.0656466484069815,46.94103338638378],[7.064852714538574,46.94104803662198],[7.0645952224731445,46.94072573045504],[7.064852714538574,46.9403301702347],[7.0647239685058585,46.94008111230037],[7.063393592834473,46.94012506378472],[7.06317901611328,46.939832053207475],[7.062556743621826,46.93948043839813],[7.0622992515563965,46.9389530118546],[7.06146240234375,46.938894408584595]]]}},{"type":"Feature","properties":{"name":"neuchatel"},"geometry":{"type":"Polygon","coordinates":[[[6.648101806640624,46.78525112821965],[6.643638610839844,46.78877728793222],[6.644668579101562,46.78995262317252],[6.642608642578125,46.792303216657615],[6.640205383300781,46.7920681619288],[6.636772155761719,46.794653707482524],[6.6350555419921875,46.79911935722295],[6.636772155761719,46.80334963091315],[6.6419219970703125,46.80522964578904],[6.6542816162109375,46.81157421094116],[6.660804748535156,46.81580350528577],[6.662864685058594,46.81603845633046],[6.675567626953125,46.8202673995955],[6.685523986816406,46.82590547324067],[6.6858673095703125,46.82895918291853],[6.6927337646484375,46.83060341627332],[6.7037200927734375,46.83671012836047],[6.7064666748046875,46.83788441651546],[6.714019775390625,46.84469478175271],[6.717796325683594,46.84798223530896],[6.7215728759765625,46.849391082387356],[6.7256927490234375,46.85079989251277],[6.728782653808594,46.85103469060768],[6.732902526855469,46.852678248531106],[6.734275817871093,46.85526088079088],[6.738739013671874,46.856434763486966],[6.738739013671874,46.85807815615037],[6.747322082519531,46.86066052871709],[6.7517852783203125,46.86324277708391],[6.753845214843749,46.8662943650293],[6.75281524658203,46.86770273172814],[6.758308410644531,46.87615215594502],[6.760711669921875,46.876856214584464],[6.761054992675781,46.879437683895844],[6.7641448974609375,46.882957669172264],[6.7641448974609375,46.885304197723954],[6.774444580078125,46.891170070059815],[6.778564453125,46.89257778396731],[6.7819976806640625,46.89680070399431],[6.7874908447265625,46.90008496744375],[6.788864135742187,46.90289989028933],[6.79779052734375,46.90993655080748],[6.8060302734375,46.916034242755025],[6.8122100830078125,46.91744130390868],[6.819076538085937,46.922131240914],[6.8300628662109375,46.92635183322409],[6.8369293212890625,46.925413952558074],[6.8396759033203125,46.931040990245364],[6.8465423583984375,46.93854278761769],[6.85821533203125,46.940418072758426],[6.8698883056640625,46.9446372241817],[6.871261596679687,46.95213711682888],[6.873321533203125,46.961510504873075],[6.8740081787109375,46.96572799381225],[6.8726348876953125,46.969945150264635],[6.881561279296875,46.975099001075016],[6.892547607421875,46.978846944253625],[6.898040771484374,46.978846944253625],[6.901473999023437,46.98118927533914],[6.90765380859375,46.98072081733128],[6.9152069091796875,46.986810451274],[6.9219017028808585,46.9885669475403],[6.930484771728516,46.98950372194782],[6.9371795654296875,46.99090885277506],[6.947994232177734,46.994187347713805],[6.947307586669922,46.995475272842356],[6.950397491455078,46.99617776437492],[6.955204010009766,46.996060683094164],[6.958293914794922,46.9986364120128],[6.9577789306640625,47.00086080525212],[6.974945068359375,47.010225655683485],[6.9811248779296875,47.01069385510927],[6.9893646240234375,47.01069385510927],[6.9934844970703125,47.00882103278017],[6.994171142578125,47.005075191113065],[7.0017242431640625,47.00460694243501],[7.0058441162109375,47.00226563747876],[7.0168304443359375,47.00460694243501],[7.024383544921875,47.005075191113065],[7.033996582031249,47.00226563747876],[7.040863037109375,46.99570943771268],[7.049102783203124,46.98634204252131],[7.043609619140625,46.98399993718925],[7.038116455078125,46.98025235521883],[7.0360565185546875,46.97463048970669],[7.0319366455078125,46.96807089955555],[7.0264434814453125,46.96244775337095],[7.0168304443359375,46.95776134668866],[7.0017242431640625,46.9507309670038],[7.000694274902344,46.95166840432543],[6.997089385986328,46.94944196387629],[6.98627471923828,46.94545757612362],[6.982154846191406,46.94323087731894],[6.979579925537109,46.93807395606995],[6.9672203063964835,46.931040990245364],[6.9598388671875,46.92588289494367],[6.953487396240234,46.924241578633996],[6.9522857666015625,46.921545021238735],[6.927909851074219,46.90911565467664],[6.928596496582031,46.90806019832023],[6.923103332519531,46.90477642341197],[6.898899078369141,46.895393100934456],[6.898384094238281,46.89152200200069],[6.891517639160156,46.88894111413941],[6.889801025390625,46.88577349111763],[6.884479522705078,46.882957669172264],[6.884822845458984,46.88213635993066],[6.883106231689453,46.87932034707599],[6.879844665527344,46.87662152939774],[6.876926422119141,46.87580012316117],[6.8753814697265625,46.874274621077795],[6.873321533203125,46.872514372479465],[6.871604919433594,46.869580496513265],[6.870059967041016,46.86946313813874],[6.866970062255859,46.86805481762919],[6.86542510986328,46.866646460168205],[6.863880157470703,46.8667638247013],[6.864223480224609,46.86547280072387],[6.860618591308594,46.86300803236458],[6.858730316162109,46.86007363676701],[6.856155395507812,46.86019101567027],[6.851520538330078,46.858782451895046],[6.849117279052734,46.856552150345195],[6.847057342529297,46.85713908078716],[6.841907501220703,46.852678248531106],[6.838817596435547,46.85244345762144],[6.837959289550781,46.852091269332334],[6.8396759033203125,46.85091729168854],[6.8381309509277335,46.84868666346728],[6.834869384765625,46.84727779791235],[6.832466125488281,46.84516443029279],[6.829547882080078,46.84363805752521],[6.8280029296875,46.844107715303636],[6.8230247497558585,46.84246389511565],[6.822338104248047,46.84105486635005],[6.820621490478516,46.84117228682526],[6.818046569824219,46.840232915838065],[6.8163299560546875,46.840232915838065],[6.815299987792969,46.84082002462973],[6.810150146484375,46.83729727564579],[6.808261871337891,46.83729727564579],[6.801910400390625,46.832599917725325],[6.800537109375,46.832599917725325],[6.796932220458984,46.829194076477336],[6.793155670166016,46.82696254622292],[6.792297363281249,46.82696254622292],[6.788864135742187,46.82461346692175],[6.787319183349609,46.82273412957075],[6.778049468994141,46.81568602937848],[6.775989532470703,46.813923859972526],[6.765689849853516,46.80746207812033],[6.7652177810668945,46.80818172405864],[6.7638444900512695,46.807799872310774],[6.7638444900512695,46.807285836831],[6.764316558837891,46.80681585723647],[6.763887405395508,46.8063018123532],[6.762793064117432,46.80565557753047],[6.7603254318237305,46.80423089606673],[6.759467124938965,46.80390776718662],[6.758716106414794,46.803379006650836],[6.757299900054932,46.802953056884206],[6.7548322677612305,46.80257116801932],[6.75382375717163,46.8027621127906],[6.753737926483154,46.802923680913906],[6.753137111663818,46.80286492892521],[6.7530083656311035,46.80257116801932],[6.75260066986084,46.80255647993193],[6.750068664550781,46.8033202551594],[6.749317646026611,46.80329087938963],[6.747922897338866,46.803569948554916],[6.747236251831055,46.80321743989497],[6.745498180389403,46.80377557753991],[6.745455265045166,46.80399589343731],[6.744790077209473,46.80455402300598],[6.744318008422852,46.80477433571539],[6.744425296783447,46.805068084591106],[6.744232177734375,46.80552339217849],[6.742386817932129,46.806287125284356],[6.742386817932129,46.80678648337549],[6.7420220375061035,46.80703616068269],[6.741635799407958,46.80775581231928],[6.741163730621337,46.80809360466513],[6.740670204162597,46.807946738688464],[6.740241050720215,46.807799872310774],[6.739919185638428,46.807227089606265],[6.7392754554748535,46.80671304865281],[6.738524436950684,46.805831824161146],[6.737580299377441,46.80556745399858],[6.735820770263672,46.805729013696734],[6.735305786132812,46.805831824161146],[6.734061241149902,46.805949321594106],[6.733889579772949,46.80609619302442],[6.733224391937256,46.80616962858921],[6.731164455413818,46.80652211790466],[6.730906963348388,46.80638993468206],[6.729018688201904,46.80690397872325],[6.729061603546143,46.80663961382989],[6.727666854858398,46.806287125284356],[6.7272162437438965,46.806375247637256],[6.726701259613037,46.80602275735939],[6.725993156433105,46.80569963924226],[6.72389030456543,46.80552339217849],[6.722259521484375,46.80569963924226],[6.720027923583984,46.80640462172284],[6.718225479125976,46.80611088014541],[6.715049743652344,46.804994647522555],[6.714448928833008,46.80440714736511],[6.713075637817383,46.80423089606673],[6.711702346801758,46.803467133767704],[6.71015739440918,46.80317337615007],[6.708869934082031,46.80264460839618],[6.708354949951172,46.8028796169284],[6.707754135131836,46.80252710374509],[6.706809997558594,46.80223334099456],[6.705694198608398,46.80170456400146],[6.703033447265625,46.80076450318144],[6.703033447265625,46.8004707308067],[6.699256896972655,46.79917811330194],[6.698141098022461,46.7988843322654],[6.697196960449219,46.79864930628128],[6.695737838745117,46.79806173682957],[6.694192886352539,46.79782670725238],[6.691789627075195,46.79694533719482],[6.691274642944336,46.79694533719482],[6.689472198486327,46.796122712116215],[6.688442230224609,46.79547635501788],[6.686468124389648,46.79506503282217],[6.6850948333740225,46.793772285453635],[6.683549880981445,46.79330218780195],[6.681404113769531,46.79294961186839],[6.67994499206543,46.792479507030485],[6.678314208984374,46.79212692570726],[6.675739288330078,46.79077534256994],[6.674280166625977,46.79042275008238],[6.67093276977539,46.78924742510817],[6.670417785644531,46.78860098543256],[6.668615341186523,46.78836591453472],[6.667242050170898,46.787308082790126],[6.665782928466797,46.78713177547821],[6.66346549987793,46.786426540455864],[6.66269302368164,46.78648531039396],[6.660890579223633,46.785897608125666],[6.660032272338867,46.78583883754592],[6.657800674438476,46.78489849954402],[6.656684875488281,46.78507481417058],[6.656084060668945,46.78548621272013],[6.653251647949219,46.78460464054985],[6.651964187622069,46.78530989944101],[6.651706695556641,46.78583883754592],[6.64921760559082,46.78607391947987],[6.648101806640624,46.78525112821965]]]}},{"type":"Feature","properties":{"name":"of gruyere"},"geometry":{"type":"Polygon","coordinates":[[[7.09742546081543,46.61466256725186],[7.097725868225098,46.61395507583449],[7.0989274978637695,46.614043512767125],[7.100644111633301,46.61480996013377],[7.100987434387207,46.615340571187005],[7.1019744873046875,46.614043512767125],[7.102489471435547,46.61407299171257],[7.10313320159912,46.61401403380563],[7.104377746582031,46.61466256725186],[7.105321884155273,46.61528161466007],[7.10540771484375,46.616490210633316],[7.10566520690918,46.61761034866901],[7.10566520690918,46.61825883904639],[7.105236053466797,46.61896627423675],[7.105364799499512,46.619703176064974],[7.10540771484375,46.62100009892414],[7.105525732040405,46.62102588968871],[7.1053701639175415,46.6211437901702],[7.104533314704894,46.62137590599283],[7.10439920425415,46.621501174436055],[7.1044206619262695,46.62167802350951],[7.1047210693359375,46.621899084039036],[7.104699611663818,46.622606471667886],[7.104785442352295,46.62298963610772],[7.105300426483154,46.623726483177705],[7.105343341827393,46.62502330966261],[7.105364799499512,46.62682113135587],[7.105343341827393,46.62807367675221],[7.105107307434081,46.6286925708375],[7.104849815368652,46.62956195771923],[7.104763984680176,46.63050500566598],[7.104849815368652,46.63096178860824],[7.104957103729248,46.631094402288745],[7.105193138122559,46.63119754603783],[7.104978561401367,46.63149224138071],[7.104935646057129,46.631860608302816],[7.104356288909912,46.63270047551032],[7.104313373565674,46.6331572399234],[7.103519439697266,46.63411495924143],[7.10313320159912,46.63455697782571],[7.102210521697997,46.635382069523324],[7.101953029632568,46.63572094282615],[7.1018242835998535,46.637592074593236],[7.101845741271973,46.638166661127165],[7.101995944976807,46.638255058513906],[7.102103233337402,46.638358188615946],[7.102146148681641,46.63850551699213],[7.101888656616211,46.63860864661678],[7.1016526222229,46.63875597431103],[7.101631164550781,46.63891803431139],[7.101738452911376,46.639021163149806],[7.101609706878662,46.63944840910066],[7.101330757141113,46.6395957345084],[7.101116180419922,46.63974305951497],[7.101073265075684,46.63987565167791],[7.101330757141113,46.64024396153676],[7.1012020111083975,46.640862716455565],[7.100751399993896,46.641658248096384],[7.100386619567871,46.64293991335805],[7.100880146026611,46.643322933865285],[7.100751399993896,46.643499711646356],[7.1002793312072745,46.6437943399978],[7.099767029285431,46.64450512429074],[7.099273502826691,46.64482920936592],[7.098892629146576,46.64528403003235],[7.098672688007355,46.64538162263251],[7.098090648651123,46.645479215056625],[7.097897529602051,46.64601873226188],[7.097983360290527,46.6467258046841],[7.098326683044433,46.64861128595907],[7.098283767700194,46.64884696649733],[7.098541259765625,46.649465623024426],[7.098498344421387,46.65061453780155],[7.098326683044433,46.651174256672455],[7.098326683044433,46.65320687122665],[7.097682952880859,46.65429679249366],[7.096867561340331,46.654974300047854],[7.096095085144043,46.65535723534561],[7.096824645996093,46.65685949378943],[7.097125053405762,46.65697731621612],[7.097768783569336,46.656564936599516],[7.098455429077148,46.655592886488726],[7.098498344421387,46.656152553838055],[7.098369598388672,46.65653548079228],[7.097511291503906,46.657566424498754],[7.097854614257812,46.65803770650383],[7.098541259765625,46.658302800826625],[7.098841667175293,46.65836171049961],[7.098798751831054,46.65900971266679],[7.098240852355957,46.65939261938802],[7.098069190979004,46.65968716117457],[7.09691047668457,46.659922793448516],[7.096652984619141,46.66030569370356],[7.097210884094238,46.66154273753393],[7.097725868225098,46.66151328443833],[7.099313735961913,46.6621612488353],[7.099356651306152,46.662367417696665],[7.1006011962890625,46.662838657856106],[7.1012020111083975,46.66277975306079],[7.101244926452636,46.663103728640706],[7.101802825927734,46.66342770227916],[7.102189064025878,46.66345715433184],[7.10364818572998,46.66257358577183],[7.10390567779541,46.66277975306079],[7.103476524353027,46.663162633083004],[7.103261947631836,46.66381057771249],[7.103819847106934,46.664016740284204],[7.103605270385742,46.66416399878266],[7.103090286254883,46.66416399878266],[7.102789878845215,46.66407564373173],[7.102146148681641,46.66490028525806],[7.101073265075684,46.66545985627255],[7.1009016036987305,46.666107773368864],[7.100815773010254,46.66816927610162],[7.101116180419922,46.66843432074901],[7.1009016036987305,46.66866991490009],[7.100687026977539,46.66875826244202],[7.100558280944824,46.66919999798553],[7.098841667175293,46.670819664092186],[7.099056243896484,46.672733752370966],[7.099356651306152,46.67317545542384],[7.100472450256348,46.67402940442287],[7.102661132812499,46.675354470982896],[7.103776931762695,46.67685617380702],[7.104163169860839,46.67703284198391],[7.104549407958984,46.67700339732787],[7.106051445007324,46.67603171467779],[7.106223106384277,46.67556058952766],[7.105879783630371,46.6752072429696],[7.105836868286133,46.67461832690516],[7.106266021728516,46.67452998894197],[7.10690975189209,46.674942231534814],[7.107253074645996,46.675442807598365],[7.1071672439575195,46.676767839502],[7.107338905334473,46.67706228662389],[7.10789680480957,46.67729784316619],[7.108798027038574,46.67747450989903],[7.107853889465332,46.67794561836279],[7.1077680587768555,46.67812228297777],[7.108197212219238,46.67824005906685],[7.109827995300293,46.67921170200667],[7.110128402709961,46.67921170200667],[7.110729217529297,46.679741681700314],[7.110557556152344,46.680065555620665],[7.10939884185791,46.681037165733464],[7.109313011169434,46.6816554539808],[7.108926773071289,46.682155967855785],[7.108798027038574,46.68236206045659],[7.109098434448242,46.682833126306264],[7.108368873596191,46.683480835142994],[7.107639312744141,46.683480835142994],[7.107381820678711,46.68362804061379],[7.107381820678711,46.683834127599084],[7.107853889465332,46.68433462129025],[7.10841178894043,46.68412853621425],[7.109742164611816,46.683893009450465],[7.1100425720214835,46.68380468664932],[7.1100425720214835,46.68324530555538],[7.110686302185059,46.68277424329968],[7.110557556152344,46.68259759389486],[7.111244201660156,46.68186154849088],[7.111845016479492,46.681743780295676],[7.111802101135254,46.682185409704026],[7.110943794250487,46.68315698169531],[7.110986709594726,46.683421952842366],[7.1114158630371085,46.683510276269246],[7.111930847167968,46.68333362927108],[7.113003730773926,46.683510276269246],[7.113175392150879,46.683451394000706],[7.113776206970215,46.683480835142994],[7.11536407470703,46.682038200302365],[7.114977836608887,46.682715360228904],[7.115321159362792,46.682833126306264],[7.115449905395508,46.68365748165982],[7.116093635559082,46.68404021379818],[7.116737365722656,46.684069654619584],[7.117853164672852,46.68436406195123],[7.1182823181152335,46.684805669940374],[7.118926048278809,46.68504119272518],[7.119183540344238,46.68521783413992],[7.120771408081055,46.68666038407398],[7.120771408081055,46.68683702019411],[7.12162971496582,46.68783794729813],[7.121543884277344,46.688044018223074],[7.120556831359863,46.68839728083679],[7.120556831359863,46.68857391127729],[7.121114730834961,46.68892717042547],[7.1209001541137695,46.68907436105532],[7.121543884277344,46.689898621170165],[7.121157646179199,46.68992805879878],[7.120599746704102,46.68919211327042],[7.120170593261719,46.689339303178315],[7.120428085327148,46.68978087049531],[7.120213508605956,46.68986918352552],[7.119226455688476,46.68907436105532],[7.118754386901855,46.68786738604981],[7.118411064147949,46.68748468102629],[7.116994857788086,46.686807580880874],[7.116522789001465,46.68674870220623],[7.115664482116699,46.68636598925688],[7.114677429199219,46.686071592835376],[7.113819122314453,46.68604215310498],[7.112832069396973,46.686778141551585],[7.112488746643066,46.68666038407398],[7.112016677856445,46.68671926284488],[7.111115455627441,46.68742580308972],[7.110986709594726,46.68901548485151],[7.110686302185059,46.6892804272633],[7.110686302185059,46.689545368375484],[7.111201286315918,46.690075246701134],[7.1112871170043945,46.69137048294636],[7.111372947692871,46.69192977990436],[7.11115837097168,46.6925479434879],[7.110857963562012,46.693254407491],[7.109355926513672,46.69457900258845],[7.108626365661621,46.6946378727276],[7.107725143432617,46.69519713584875],[7.105879783630371,46.69572695872617],[7.104206085205078,46.69584469643743],[7.105193138122559,46.69666885322863],[7.105236053466797,46.697905064830884],[7.102961540222168,46.699288410925256],[7.103090286254883,46.69967103231127],[7.103519439697266,46.69996535460934],[7.103476524353027,46.70034797119824],[7.102961540222168,46.700259675303],[7.102146148681641,46.69978876142301],[7.100386619567871,46.70105433316205],[7.099785804748534,46.7011131962419],[7.099270820617675,46.701525236003896],[7.099485397338867,46.70261418309479],[7.099785804748534,46.702879058795844],[7.099571228027344,46.703349945722316],[7.09991455078125,46.7038208285416],[7.099742889404296,46.7041445580974],[7.098970413208008,46.705380598544636],[7.098369598388672,46.705527744331796],[7.097854614257812,46.70579260573796],[7.0975542068481445,46.70617518103036],[7.097640037536621,46.706969751820324],[7.097854614257812,46.70729346249276],[7.099142074584961,46.707793738804504],[7.099828720092773,46.70788202237819],[7.0995283126831055,46.708146872232966],[7.099699974060059,46.708352865666036],[7.1003007888793945,46.70838229323514],[7.100214958190917,46.70879427751824],[7.100815773010254,46.7093828210393],[7.100815773010254,46.70991250472136],[7.101459503173828,46.70961823665083],[7.102017402648926,46.70935339401564],[7.102231979370116,46.70950052897342],[7.102832794189453,46.70941224804689],[7.104034423828125,46.70894141400014],[7.104077339172363,46.70935339401564],[7.104077339172363,46.70952995591682],[7.104806900024414,46.70955938284421],[7.105879783630371,46.70926511284846],[7.106308937072754,46.70941224804689],[7.1061372756958,46.70985365123559],[7.106308937072754,46.71008906479359],[7.106866836547852,46.71008906479359],[7.107124328613281,46.710324477324775],[7.1071672439575195,46.710589315195065],[7.1077680587768555,46.71067759419637],[7.109184265136719,46.71456172730723],[7.111029624938965,46.71547386954971],[7.110986709594726,46.715679835019095],[7.1115875244140625,46.71588579970237],[7.112531661987305,46.71632714994794],[7.112917900085448,46.71615061028289],[7.113475799560547,46.71647426589429],[7.113733291625977,46.71641541956388],[7.113776206970215,46.7166802275454],[7.113432884216308,46.71682734252914],[7.113389968872069,46.71700387998025],[7.113776206970215,46.717180416853765],[7.114419937133788,46.717356953149746],[7.1140336990356445,46.71765117902627],[7.114162445068359,46.71775415770401],[7.1138083934783936,46.717687957148016],[7.11315393447876,46.71769531276935],[7.112671136856078,46.71779093575558],[7.112252712249756,46.717945403298444],[7.1118879318237305,46.71818813711524],[7.11164116859436,46.71841615879694],[7.111480236053466,46.71864417951506],[7.111308574676514,46.71892368746787],[7.111029624938965,46.71882806648908],[7.111276388168335,46.718291114768235],[7.110997438430786,46.717849780585965],[7.110782861709595,46.71787920297707],[7.110546827316284,46.71797482563741],[7.1100425720214835,46.71777622453798],[7.109613418579102,46.71774680209069],[7.1086907386779785,46.717452576735596],[7.108626365661621,46.71694503422737],[7.108025550842284,46.716444842737125],[7.107338905334473,46.716121186949216],[7.107081413269042,46.716209456902064],[7.106738090515137,46.716062340233755],[7.106995582580566,46.71588579970237],[7.106781005859375,46.715768105693904],[7.106480598449707,46.71585637622432],[7.106437683105469,46.71556214056144],[7.106223106384277,46.71538559839362],[7.106051445007324,46.71506193625259],[7.1057939529418945,46.7150913601638],[7.105536460876465,46.71494424044729],[7.10566520690918,46.714326333258015],[7.105321884155273,46.714149787047276],[7.105278968811035,46.713061072651996],[7.104763984680176,46.71267854616388],[7.104978561401367,46.71247256923957],[7.104549407958984,46.71173693094959],[7.1030473709106445,46.711060134866855],[7.100987434387207,46.71156037626797],[7.099399566650391,46.71188405940975],[7.098798751831054,46.71138382100879],[7.097640037536621,46.711001282632495],[7.098326683044433,46.71014791802265],[7.097940444946289,46.70964766353009],[7.0967817306518555,46.70908855008093],[7.095580101013184,46.70908855008093],[7.095150947570801,46.70873542281318],[7.0940351486206055,46.708647140635264],[7.093605995178223,46.70855885831293],[7.093949317932128,46.708176299914406],[7.093563079833984,46.70758774323764],[7.0923614501953125,46.707146321518664],[7.090301513671875,46.70679318154442],[7.089958190917969,46.706557753611435],[7.088504433631897,46.70645107499125],[7.087833881378174,46.706348074744135],[7.0873188972473145,46.70622300275128],[7.087377905845642,46.70606850165413],[7.087753415107727,46.705917678728014],[7.088096737861633,46.70605010863694],[7.088885307312012,46.70587353535286],[7.089486122131348,46.705678568347395],[7.089711427688599,46.70559763844021],[7.0899420976638785,46.705667532458094],[7.0908647775650016,46.70560499570951],[7.0911383628845215,46.70574478363576],[7.092125415802002,46.70593607179034],[7.092570662498473,46.7059507862357],[7.092999815940857,46.70590296427365],[7.093150019645691,46.70579628435944],[7.09318220615387,46.70570799737449],[7.093697190284729,46.705421063676084],[7.093858122825623,46.70524816699325],[7.094120979309082,46.70472579492802],[7.094190716743469,46.704681650578216],[7.094464302062988,46.70487294250005],[7.0947325229644775,46.70483615564465],[7.095279693603516,46.70462279138895],[7.0968568325042725,46.70386497359532],[7.096964120864868,46.703761968413794],[7.096728086471558,46.7030556418746],[7.09641695022583,46.702687759808775],[7.096567153930664,46.70206235454371],[7.0967066287994385,46.701768043676864],[7.096652984619141,46.70160617201621],[7.095773220062256,46.70167975010394],[7.094324827194214,46.70193727262134],[7.093938589096069,46.70174597029716],[7.092790603637695,46.70126035366073],[7.0924901962280265,46.70058342621299],[7.092232704162598,46.70031853924921],[7.092275619506836,46.69934727593036],[7.092533111572266,46.69805223099361],[7.092447280883788,46.69787563155022],[7.092618942260742,46.697492997441415],[7.0923614501953125,46.69666885322863],[7.092447280883788,46.69619790803103],[7.09141731262207,46.695520917113775],[7.0906877517700195,46.69540317869655],[7.090473175048827,46.69519713584875],[7.088584899902343,46.69457900258845],[7.088584899902343,46.69437295659603],[7.089056968688964,46.69440239178594],[7.091546058654785,46.69434352139008],[7.092318534851074,46.69454956749479],[7.0923614501953125,46.69431408616808],[7.092533111572266,46.69404916844816],[7.092919349670409,46.69399029766724],[7.0929622650146475,46.69369594280005],[7.093091011047363,46.69351932910962],[7.093563079833984,46.693843120434195],[7.093949317932128,46.69390199137554],[7.0940351486206055,46.69363707163408],[7.094120979309082,46.6934898934384],[7.09467887878418,46.69343102204781],[7.095022201538086,46.69340158632845],[7.095279693603516,46.69360763602703],[7.095708847045898,46.693342714841606],[7.096095085144043,46.69340158632845],[7.09691047668457,46.693254407491],[7.097253799438477,46.69340158632845],[7.097768783569336,46.693342714841606],[7.097940444946289,46.69319553584371],[7.09841251373291,46.693077792356604],[7.098841667175293,46.69207696235174],[7.09867000579834,46.691635413806345],[7.098970413208008,46.69131160924542],[7.099056243896484,46.69095836569213],[7.099485397338867,46.6907228687064],[7.09965705871582,46.690399058674465],[7.100257873535155,46.69025187165452],[7.100257873535155,46.6905168080016],[7.100687026977539,46.690663994299555],[7.101545333862305,46.69069343151101],[7.102146148681641,46.691076113799944],[7.1030473709106445,46.691252735480305],[7.103304862976074,46.6916942871543],[7.105536460876465,46.69275399644342],[7.105536460876465,46.69351932910962],[7.105965614318848,46.692930612636715],[7.106566429138183,46.69257737967254],[7.106523513793945,46.69219470802083],[7.1057939529418945,46.69166485048835],[7.105064392089844,46.6913410461039],[7.104678153991698,46.6905756825689],[7.104763984680176,46.69016355925004],[7.104506492614746,46.689663119563754],[7.104249000549316,46.689515930538306],[7.104163169860839,46.68916267524073],[7.104678153991698,46.68875054114017],[7.104206085205078,46.68786738604981],[7.10364818572998,46.68772019213088],[7.10291862487793,46.687249168894894],[7.101373672485352,46.68686645949132],[7.100515365600586,46.68707253412248],[7.100386619567871,46.68671926284488],[7.099485397338867,46.68580663468422],[7.099184989929199,46.68536503487765],[7.0987558364868155,46.684776229520075],[7.097725868225098,46.68439350259615],[7.095837593078612,46.68386356853281],[7.094120979309082,46.68309809904169],[7.091717720031738,46.68159656969065],[7.091546058654785,46.681184377862714],[7.089958190917969,46.679417805838575],[7.087769508361816,46.67791617420415],[7.08768367767334,46.67729784316619],[7.0880699157714835,46.67700339732787],[7.087812423706055,46.6767972842864],[7.087855339050293,46.67659117045873],[7.087211608886719,46.67662061533939],[7.08665370941162,46.67667950505256],[7.085452079772949,46.67700339732787],[7.086524963378906,46.67623783063939],[7.08643913269043,46.67582559793001],[7.08566665649414,46.67567837120028],[7.086224555969238,46.67559003496991],[7.0871686935424805,46.67579615261616],[7.087769508361816,46.67547225310476],[7.087554931640624,46.67497167731396],[7.087254524230957,46.67441220476639],[7.087039947509766,46.673617154866655],[7.087082862854003,46.672969327781736],[7.085752487182617,46.673646601367814],[7.084379196166992,46.673705494322],[7.083392143249512,46.673793833632956],[7.084980010986328,46.673381582279724],[7.0860958099365225,46.67279264631993],[7.085537910461426,46.67155585991409],[7.08592414855957,46.67037794178564],[7.084679603576659,46.668934957092624],[7.084550857543945,46.66743303415086],[7.083692550659179,46.66705018437341],[7.083306312561035,46.666696782172096],[7.081804275512695,46.66705018437341],[7.080216407775879,46.667138534562724],[7.07944393157959,46.66690293373698],[7.0797014236450195,46.66660843126077],[7.080345153808594,46.666785132939026],[7.081031799316406,46.666696782172096],[7.081332206726074,46.66643172900487],[7.081418037414551,46.66587216805052],[7.080774307250976,46.665312601304],[7.080516815185547,46.664723577418506],[7.0798301696777335,46.66445851457618],[7.079744338989257,46.66342770227916],[7.080259323120116,46.66266194327765],[7.080388069152832,46.66177836172118],[7.079980373382568,46.66151328443833],[7.079669237136841,46.661093576082514],[7.079304456710815,46.660563413502295],[7.078038454055785,46.66048241598365],[7.0774805545806885,46.66021733234694],[7.077416181564331,46.66014369777276],[7.078295946121216,46.66034251089288],[7.079025506973266,46.660320420582316],[7.078907489776611,46.66009215351116],[7.079025506973266,46.65998906484055],[7.079046964645385,46.660106880448055],[7.079261541366577,46.660268876489184],[7.0800554752349845,46.66134392882719],[7.080409526824951,46.66156482734512],[7.080602645874023,46.6615721906135],[7.080709934234619,46.66152064771373],[7.0808494091033936,46.66172681901797],[7.081224918365478,46.6619698056172],[7.081063985824585,46.66286074713777],[7.081171274185181,46.6635234213917],[7.0816004276275635,46.6637737628848],[7.081729173660278,46.6642523536892],[7.082115411758423,46.66451741754235],[7.082319259643555,46.6651211692452],[7.083241939544677,46.664959187742866],[7.083756923675537,46.664996001763285],[7.083982229232788,46.66481929423664],[7.084218263626099,46.664996001763285],[7.0851945877075195,46.66520952258733],[7.08617091178894,46.66484138270905],[7.086707353591919,46.6647603915994],[7.086986303329468,46.664892922442945],[7.087833881378174,46.66604150947686],[7.088971138000488,46.66722688460764],[7.089357376098633,46.66778643153872],[7.089657783508301,46.669082202193565],[7.090258598327637,46.66878771159055],[7.091760635375977,46.668552117952906],[7.093133926391602,46.66816927610162],[7.09467887878418,46.66772753213455],[7.095451354980469,46.667315234508166],[7.09639549255371,46.666313927180035],[7.095880508422851,46.666078322760235],[7.094249725341797,46.6639872885364],[7.093348503112793,46.663280441775065],[7.09317684173584,46.66260303828982],[7.091546058654785,46.661690002771294],[7.0912885665893555,46.661366018719605],[7.090816497802734,46.661277659095845],[7.0905160903930655,46.66086531227555],[7.090301513671875,46.66062968410911],[7.090344429016113,46.65986388547631],[7.091631889343262,46.65915698480356],[7.092704772949219,46.65842062010846],[7.093820571899414,46.6581260714225],[7.093520164489746,46.65791988638765],[7.093863487243652,46.65771370056657],[7.094507217407227,46.65553397379922],[7.095065116882324,46.65523940938897],[7.095022201538086,46.65426733545094],[7.094764709472656,46.6540316785315],[7.0940351486206055,46.651174256672455],[7.093477249145508,46.650054813138254],[7.093520164489746,46.64896480638137],[7.092704772949219,46.64778639598821],[7.092533111572266,46.64666688233525],[7.092919349670409,46.64548842188002],[7.092189788818359,46.644280473269696],[7.0916748046875,46.64298410817035],[7.0912885665893555,46.64221805964646],[7.091031074523925,46.641599320227826],[7.0916748046875,46.64124575166872],[7.091889381408691,46.640037708324684],[7.092232704162598,46.63944840910066],[7.0924901962280265,46.63871177604488],[7.092318534851074,46.63794566702849],[7.091760635375977,46.637150080799906],[7.092275619506836,46.63661968348229],[7.092232704162598,46.63614821483546],[7.0926618576049805,46.63517579777828],[7.092618942260742,46.634439106556236],[7.092833518981934,46.63302463129738],[7.093133926391602,46.63272994429847],[7.0926618576049805,46.63225844176261],[7.0924901962280265,46.63178693511897],[7.092919349670409,46.63128595480917],[7.092146873474121,46.63066709037708],[7.092232704162598,46.6295472224647],[7.092447280883788,46.62942934028394],[7.093091011047363,46.629606163458774],[7.093262672424316,46.629370399097276],[7.095022201538086,46.62878098370059],[7.095322608947754,46.62789684857095],[7.094635963439941,46.626983227098684],[7.09592342376709,46.62660009092434],[7.096652984619141,46.62615800735347],[7.096138000488281,46.626040117791476],[7.095279693603516,46.626040117791476],[7.0949363708496085,46.625391720611326],[7.09390640258789,46.62512646498098],[7.0929622650146475,46.624595949821085],[7.092919349670409,46.623358060896344],[7.093820571899414,46.622355939606386],[7.094550132751465,46.62011583670809],[7.09489345550537,46.6194673685711],[7.096009254455566,46.61828831569718],[7.0961809158325195,46.617934594828505],[7.096652984619141,46.61761034866901],[7.097125053405762,46.616932373152274],[7.098369598388672,46.61657864342594],[7.098584175109863,46.61525213637252],[7.09742546081543,46.61466256725186]]]}},{"type":"Feature","properties":{"name":"sarnen"},"geometry":{"type":"Polygon","coordinates":[[[8.188762664794922,46.85443914763507],[8.18979263305664,46.85279564360101],[8.191680908203125,46.85173907873366],[8.194255828857422,46.85103469060768],[8.197345733642576,46.848921470800455],[8.199405670166016,46.84868666346728],[8.200607299804688,46.84809964064356],[8.199920654296875,46.84610371505518],[8.202838897705078,46.8457514851939],[8.206443786621094,46.847160390781426],[8.212451934814453,46.85279564360101],[8.2122802734375,46.85443914763507],[8.21296691894531,46.8559652134879],[8.218631744384766,46.86101266080778],[8.22275161743164,46.862421166075606],[8.22824478149414,46.866529095378525],[8.231163024902344,46.86723328026759],[8.241634368896484,46.873101128427344],[8.24197769165039,46.87861632076831],[8.243350982666016,46.88025903444993],[8.24197769165039,46.881080372430645],[8.241291046142578,46.88248835114522],[8.24300765991211,46.885538844934],[8.242835998535156,46.88753330477892],[8.241634368896484,46.88847184845812],[8.241291046142578,46.889762319202845],[8.240261077880858,46.8901142603811],[8.236656188964844,46.888589165263326],[8.234081268310547,46.88894111413941],[8.232364654541016,46.88706402678101],[8.232364654541016,46.88577349111763],[8.23047637939453,46.88436559861997],[8.22927474975586,46.882723010671945],[8.22824478149414,46.881080372430645],[8.226871490478516,46.88096303920319],[8.22652816772461,46.87849898215226],[8.224983215332031,46.877677604655105],[8.220863342285156,46.87533074252359],[8.216743469238281,46.873570528566766],[8.211078643798828,46.87134084133838],[8.209362030029297,46.87145819560722],[8.202838897705078,46.86840690122077],[8.19631576538086,46.86605963365364],[8.194599151611328,46.86312540485255],[8.193740844726562,46.859604118587974],[8.19150924682617,46.85831292242503],[8.19150924682617,46.85666953694681],[8.188762664794922,46.85443914763507]]]}},{"type":"Feature","properties":{"name":"sempach"},"geometry":{"type":"Polygon","coordinates":[[[8.163528442382812,47.15213579695916],[8.155288696289062,47.156104775044035],[8.148078918457031,47.1607737815166],[8.141555786132812,47.1666094626574],[8.138809204101562,47.168476745233015],[8.136062622070312,47.16824333850091],[8.133659362792969,47.17011056363904],[8.133316040039062,47.17151093941472],[8.131599426269531,47.172211113456115],[8.128166198730467,47.17081075614236],[8.126363754272461,47.17180267972043],[8.127436637878418,47.17253202347344],[8.126106262207031,47.17334887658558],[8.125247955322264,47.17375729843003],[8.123703002929688,47.173728125545324],[8.122715950012207,47.1731738376907],[8.122200965881348,47.17261954405071],[8.122587203979492,47.17189020149968],[8.124003410339355,47.17116084893241],[8.124861717224121,47.17107332595124],[8.126277923583984,47.169964689038956],[8.125548362731934,47.169352011343534],[8.124818801879883,47.169877164086586],[8.123788833618164,47.170227263030625],[8.123059272766113,47.16990633908675],[8.124475479125977,47.168476745233015],[8.12413215637207,47.16815581071194],[8.124046325683594,47.167543112150575],[8.122973442077637,47.16643440155044],[8.122758865356445,47.1645378692447],[8.122501373291016,47.16299141586598],[8.121943473815918,47.162174403454344],[8.123188018798828,47.160394440053985],[8.123703002929688,47.15940230342361],[8.123316764831541,47.15881868498675],[8.123960494995117,47.15700942709312],[8.123831748962402,47.155958861980814],[8.122673034667969,47.15511255831304],[8.12366008758545,47.152894595099426],[8.125591278076172,47.14980096549696],[8.131256103515625,47.14536450313261],[8.136749267578125,47.14081090672473],[8.143787384033201,47.135906597472506],[8.148765563964844,47.13263680666099],[8.15185546875,47.131936111044425],[8.15460205078125,47.12878286652478],[8.159923553466797,47.12761495074214],[8.162498474121094,47.125395840104545],[8.166961669921875,47.124227849952725],[8.17056655883789,47.12095734109756],[8.173828125,47.11967244332479],[8.175373077392578,47.11967244332479],[8.176918029785154,47.118387514521565],[8.18155288696289,47.1182707012735],[8.186187744140625,47.12095734109756],[8.186359405517578,47.12317663688985],[8.185672760009764,47.12399424884498],[8.18704605102539,47.125395840104545],[8.189105987548828,47.125979825563704],[8.192195892333984,47.12936681479947],[8.191680908203125,47.13065147843675],[8.188419342041016,47.13520594493795],[8.186359405517578,47.137891729519986],[8.183441162109375,47.14046061392258],[8.179492950439453,47.143613166056966],[8.17434310913086,47.146065021807594],[8.169536590576172,47.148633511301426],[8.1683349609375,47.14851676447151],[8.16558837890625,47.14980096549696],[8.165416717529297,47.15120187668286],[8.163528442382812,47.15213579695916]]]}},{"type":"Feature","properties":{"name":"sihl"},"geometry":{"type":"Polygon","coordinates":[[[8.817214965820312,47.08695550650905],[8.81927490234375,47.09046185433499],[8.816871643066406,47.092331812128],[8.81378173828125,47.09490289688982],[8.81103515625,47.09513662571297],[8.810348510742186,47.09653897710871],[8.8055419921875,47.09817500706038],[8.802452087402344,47.099343569107305],[8.799018859863281,47.10238171040462],[8.800048828125,47.105419678333995],[8.800048828125,47.10705543541033],[8.797988891601562,47.10845747289683],[8.796272277832031,47.11196240504518],[8.795928955078125,47.11476618458088],[8.795585632324219,47.1182707012735],[8.796272277832031,47.11990606340971],[8.796615600585938,47.123643845260034],[8.795242309570312,47.12527904224337],[8.793525695800781,47.12691418896322],[8.792495727539062,47.12878286652478],[8.790779113769531,47.13252002469936],[8.787689208984375,47.13298715100731],[8.790435791015625,47.134388505312955],[8.790779113769531,47.136724013761516],[8.791809082031248,47.13882588366321],[8.789749145507812,47.140227084105625],[8.789405822753906,47.142095293920434],[8.788032531738281,47.14326289171814],[8.790092468261719,47.14513099485615],[8.789405822753906,47.147232532417945],[8.790435791015625,47.14910049605681],[8.790092468261719,47.15120187668286],[8.787002563476562,47.15026793999513],[8.784942626953125,47.15096839404951],[8.782882690429688,47.154003588277526],[8.779792785644531,47.154003588277526],[8.777732849121094,47.152836226396374],[8.778076171875,47.14956747670931],[8.775672912597656,47.15026793999513],[8.771896362304688,47.14956747670931],[8.769149780273438,47.148867004191985],[8.767433166503904,47.14980096549696],[8.763313293457031,47.14699903234732],[8.760910034179688,47.14513099485615],[8.760566711425781,47.14256233611672],[8.758163452148438,47.14139472293294],[8.758163452148438,47.13976002139446],[8.760910034179688,47.13976002139446],[8.763656616210938,47.13929295458033],[8.764686584472656,47.137424646293866],[8.765373229980469,47.13485561520872],[8.767776489257812,47.13345427321226],[8.769493103027344,47.13018433161337],[8.772926330566406,47.12784853595024],[8.774642944335938,47.1248118482342],[8.774642944335938,47.121541375281744],[8.77532958984375,47.1182707012735],[8.778762817382812,47.11570074493338],[8.7835693359375,47.113597961059476],[8.7835693359375,47.11172875008271],[8.782882690429688,47.10962580925857],[8.780136108398436,47.10799013117133],[8.780479431152344,47.10588704262785],[8.782882690429688,47.10331648823265],[8.784599304199219,47.10331648823265],[8.787345886230469,47.10051210550787],[8.790779113769531,47.09981098674509],[8.7945556640625,47.09864243495672],[8.796615600585938,47.09653897710871],[8.799362182617188,47.093500502407764],[8.799362182617188,47.092331812128],[8.801422119140625,47.09163058564966],[8.803825378417969,47.089760603235646],[8.806571960449219,47.09022810499442],[8.809661865234375,47.08835807333824],[8.809661865234375,47.086721741780266],[8.809318542480467,47.08485158701795],[8.812065124511719,47.086487976025595],[8.814125061035156,47.087189270211965],[8.817214965820312,47.08695550650905]]]}},{"type":"Feature","properties":{"name":"thun"},"geometry":{"type":"Polygon","coordinates":[[[7.63850212097168,46.74621287079468],[7.636356353759766,46.74480131967694],[7.635412216186523,46.74503658076331],[7.631721496582031,46.74186046946851],[7.633695602416992,46.74027234365173],[7.63275146484375,46.73886063698713],[7.633008956909179,46.73756654007456],[7.631292343139648,46.73597828777874],[7.6318931579589835,46.73539003431618],[7.631378173828125,46.73480177443656],[7.630863189697265,46.73315461263488],[7.630262374877931,46.7320368670458],[7.630348205566406,46.73127208040044],[7.629232406616212,46.731095589634506],[7.629404067993164,46.72950714675161],[7.629489898681641,46.7286246582694],[7.630262374877931,46.72780098932588],[7.62974739074707,46.72680080298527],[7.6291465759277335,46.72650662700271],[7.62974739074707,46.72556525307767],[7.629060745239257,46.725271070357074],[7.628631591796875,46.724329674870305],[7.628202438354491,46.72415316138763],[7.629060745239257,46.72227031496946],[7.628803253173828,46.7219172739504],[7.62974739074707,46.72085813703209],[7.630262374877931,46.72121118498172],[7.633352279663086,46.719681293848396],[7.63498306274414,46.72003434949877],[7.635583877563477,46.72056392864264],[7.639360427856445,46.72009319188254],[7.639274597167969,46.71909286263067],[7.637300491333008,46.71915170604123],[7.636356353759766,46.718386736698626],[7.635927200317382,46.71750406628856],[7.636098861694337,46.71679791956449],[7.638158798217773,46.717386375809596],[7.63901710510254,46.717445221081164],[7.640562057495117,46.719857821962364],[7.641849517822265,46.719622451015404],[7.64270782470703,46.71909286263067],[7.6436519622802725,46.71826904814486],[7.6444244384765625,46.71732753047386],[7.64399528503418,46.71650368903545],[7.643823623657226,46.71515020793813],[7.6444244384765625,46.71391439120123],[7.643823623657226,46.71114841309808],[7.647256851196289,46.709323966975965],[7.650260925292969,46.70820572757977],[7.652063369750977,46.707205177956425],[7.654123306274414,46.705910321501335],[7.6555824279785165,46.70543945690765],[7.6575565338134775,46.704026838483536],[7.6593589782714835,46.70332051540974],[7.660818099975586,46.70190784153867],[7.660989761352539,46.70078944850857],[7.661933898925781,46.7002008112926],[7.661762237548828,46.69908238290202],[7.663993835449218,46.69684545661884],[7.665967941284179,46.69684545661884],[7.6669979095458975,46.69619790803103],[7.670345306396484,46.69484391770924],[7.671546936035156,46.69460843766603],[7.674894332885741,46.69472617781599],[7.679014205932618,46.6944318269598],[7.681932449340821,46.69407860381455],[7.6842498779296875,46.69360763602703],[7.688884735107422,46.69195921642594],[7.688627243041991,46.69131160924542],[7.688283920288086,46.68972199506163],[7.689828872680664,46.68836784237391],[7.6875972747802725,46.68860334962786],[7.686052322387695,46.68842671928367],[7.686052322387695,46.687896824785454],[7.686910629272461,46.687308047024004],[7.689056396484375,46.68689589877248],[7.690429687499999,46.68642486834866],[7.692747116088867,46.686483747376265],[7.695837020874023,46.68583607454296],[7.696866989135742,46.685600555223736],[7.703046798706054,46.68277424329968],[7.704162597656249,46.68206764221478],[7.705020904541015,46.68077218289006],[7.70442008972168,46.67918225853792],[7.703647613525391,46.67623783063939],[7.703046798706054,46.67517779731879],[7.7034759521484375,46.67358770834943],[7.704935073852538,46.67341102890926],[7.70587921142578,46.67264541132717],[7.715063095092774,46.66999511286647],[7.717123031616211,46.66864046568737],[7.7199554443359375,46.66811037711458],[7.723045349121094,46.66811037711458],[7.724418640136718,46.667462484021456],[7.725791931152345,46.66545985627255],[7.72913932800293,46.66404619201598],[7.733001708984375,46.66428180529261],[7.735147476196288,46.66386948138464],[7.737035751342773,46.663103728640706],[7.7411556243896475,46.66257358577183],[7.744503021240234,46.66098312597367],[7.746734619140625,46.65956934465249],[7.7480220794677725,46.65915698480356],[7.751884460449218,46.656447113274304],[7.756004333496095,46.65574016793173],[7.759523391723632,46.65450299134349],[7.7617549896240225,46.65450299134349],[7.764673233032226,46.65574016793173],[7.76656150817871,46.656093641758275],[7.769050598144531,46.65574016793173],[7.771625518798828,46.65520995285969],[7.773771286010742,46.65579908039659],[7.776260375976562,46.65697731621612],[7.779865264892578,46.65774315573202],[7.783899307250976,46.65791988638765],[7.7845001220703125,46.65821443619675],[7.786903381347655,46.65774315573202],[7.790594100952148,46.65980497743991],[7.795400619506836,46.66115984603953],[7.796258926391602,46.6615721906135],[7.797889709472657,46.662927014928705],[7.799863815307617,46.66298591956354],[7.802610397338866,46.66428180529261],[7.806215286254883,46.66457632044435],[7.807416915893554,46.664399611545846],[7.808361053466796,46.66304482413421],[7.810506820678712,46.662043437704384],[7.812566757202148,46.661277659095845],[7.814970016479492,46.659922793448516],[7.816858291625977,46.65974606933931],[7.8188323974609375,46.66027623993407],[7.8200340270996085,46.66039405491582],[7.8215789794921875,46.661277659095845],[7.823123931884765,46.6615721906135],[7.824497222900391,46.66263249079177],[7.82750129699707,46.66434070845131],[7.827415466308594,46.665106443674134],[7.829904556274413,46.66675568269944],[7.830076217651367,46.667815881216754],[7.829132080078125,46.668522668676005],[7.829561233520508,46.66905275320549],[7.82973289489746,46.67034849350352],[7.828702926635741,46.67046628653577],[7.8284454345703125,46.67123193498792],[7.827930450439452,46.67123193498792],[7.8256988525390625,46.67211536203202],[7.82526969909668,46.67199757259382],[7.82475471496582,46.67240983450446],[7.823467254638672,46.672880987123015],[7.822351455688477,46.67299877463589],[7.821407318115234,46.67376438721202],[7.820806503295898,46.674942231534814],[7.819175720214843,46.67511890596905],[7.818574905395508,46.67600226947625],[7.817029953002929,46.677592287400024],[7.816858291625977,46.67829894701513],[7.816343307495116,46.67877004829094],[7.815828323364258,46.67829894701513],[7.815227508544921,46.678887822968115],[7.812824249267578,46.678534498166464],[7.81325340270996,46.680065555620665],[7.813596725463867,46.68053664149376],[7.811365127563476,46.682185409704026],[7.807760238647461,46.68230317693659],[7.806129455566406,46.682715360228904],[7.805528640747069,46.683421952842366],[7.802181243896484,46.683716363703766],[7.800378799438477,46.684776229520075],[7.799177169799805,46.68483511034464],[7.797374725341797,46.68377524568351],[7.79454231262207,46.68412853621425],[7.7919673919677725,46.68571831501171],[7.787933349609374,46.68459958666134],[7.786731719970703,46.683834127599084],[7.784328460693359,46.683716363703766],[7.782011032104491,46.6829508921269],[7.780723571777344,46.682185409704026],[7.779178619384765,46.68236206045659],[7.776260375976562,46.68171433820675],[7.769908905029297,46.68224429335242],[7.766819000244141,46.681890990499575],[7.763814926147461,46.68206764221478],[7.758836746215819,46.68124326260209],[7.755489349365234,46.68012444157944],[7.753858566284179,46.68077218289006],[7.752399444580078,46.68077218289006],[7.749395370483398,46.68230317693659],[7.747335433959961,46.68306865769084],[7.746477127075195,46.68418741774478],[7.746477127075195,46.68471734863136],[7.746906280517577,46.68565943514981],[7.744417190551758,46.68795570220864],[7.743301391601563,46.69060511982851],[7.743644714355469,46.691782597055905],[7.743215560913085,46.69366650722508],[7.742185592651366,46.69437295659603],[7.739782333374023,46.69437295659603],[7.738409042358399,46.69478504779472],[7.73686408996582,46.69672772108956],[7.737464904785157,46.697551864403856],[7.735576629638672,46.70008308307931],[7.7315425872802725,46.70243759857213],[7.728109359741211,46.705262881626105],[7.7246761322021475,46.707499459182635],[7.722101211547852,46.70820572757977],[7.7199554443359375,46.70838229323514],[7.71686553955078,46.709677090393285],[7.715835571289062,46.709677090393285],[7.711973190307616,46.711030708757704],[7.7103424072265625,46.710913004160616],[7.703990936279296,46.71256084516052],[7.70167350769043,46.71161922789268],[7.701158523559569,46.7122665915291],[7.699270248413085,46.713384746793444],[7.6964378356933585,46.71438518186659],[7.694978713989258,46.71409093818204],[7.691373825073241,46.716209456902064],[7.69017219543457,46.716032916851965],[7.68871307373047,46.716444842737125],[7.6849365234375,46.721505389841695],[7.68218994140625,46.72409432343172],[7.680301666259766,46.72497688603218],[7.6773834228515625,46.72703614261623],[7.676181793212891,46.72780098932588],[7.67420768737793,46.72791865708787],[7.673778533935546,46.727506818797906],[7.67146110534668,46.72715381204666],[7.669057846069335,46.72891882270109],[7.6677703857421875,46.730624944768415],[7.667083740234374,46.730977928803],[7.664508819580078,46.731095589634506],[7.663135528564452,46.7316838899417],[7.661762237548828,46.732860471304804],[7.6609039306640625,46.73356640780184],[7.657299041748046,46.73515473113437],[7.655839920043945,46.7369194799714],[7.654209136962891,46.73709595167866],[7.653179168701172,46.73950767379657],[7.651548385620116,46.74127228017599],[7.649574279785155,46.742213379963886],[7.647342681884766,46.74215456170841],[7.646741867065429,46.74186046946851],[7.645454406738281,46.74203692500497],[7.645196914672852,46.74268392369757],[7.642879486083985,46.743919081458856],[7.6403045654296875,46.745154210921505],[7.639532089233398,46.74633049838609],[7.63850212097168,46.74621287079468]]]}},{"type":"Feature","properties":{"name":"wagitalersee"},"geometry":{"type":"Polygon","coordinates":[[[8.905105590820312,47.10705543541033],[8.902702331542969,47.10565336099383],[8.900642395019531,47.10448493743625],[8.902359008789062,47.104017560832325],[8.903732299804688,47.10191431533551],[8.906822204589842,47.099343569107305],[8.908195495605469,47.09981098674509],[8.908882141113281,47.09864243495672],[8.909912109375,47.0967726987508],[8.913345336914062,47.09326676640354],[8.914375305175781,47.091864328834994],[8.9154052734375,47.08812431476475],[8.916435241699219,47.08613732547002],[8.91763687133789,47.08356581753265],[8.916778564453125,47.081344869872034],[8.915233612060547,47.07935762769432],[8.913516998291016,47.07865623040531],[8.91317367553711,47.0770196008242],[8.912315368652344,47.07526601334617],[8.913860321044922,47.07327854444207],[8.912830352783203,47.07234323930977],[8.913516998291016,47.07094025083358],[8.913688659667969,47.069420304972695],[8.914074897766113,47.06905492690938],[8.913838863372803,47.06843377845339],[8.913817405700684,47.068185317044176],[8.913398981094359,47.06796608542717],[8.913227319717407,47.06779069948434],[8.912980556488037,47.06736684774],[8.912690877914429,47.06697953199208],[8.914858102798462,47.067900315766245],[8.91465425491333,47.068104932222646],[8.91537308692932,47.069003773780636],[8.917497396469116,47.070253357591476],[8.921413421630858,47.072197096400075],[8.923516273498535,47.07418460563568],[8.923473358154297,47.074944516048845],[8.924546241760254,47.07643507807681],[8.924417495727539,47.0767857924947],[8.92514705657959,47.07737031139488],[8.927464485168457,47.07783792189845],[8.925704956054688,47.07853932995949],[8.926005363464355,47.078977705308915],[8.926777839660645,47.080672722724955],[8.928279876708983,47.080789618490094],[8.928537368774414,47.08125719898592],[8.928322792053223,47.082455355275755],[8.927764892578125,47.08283525286317],[8.9298677444458,47.08625420924502],[8.92965316772461,47.08651719680101],[8.929524421691895,47.088416512821304],[8.927807807922363,47.08987747906005],[8.929910659790039,47.09268242190485],[8.929910659790039,47.093500502407764],[8.927249908447264,47.094727599599246],[8.925790786743164,47.09537035351024],[8.924245834350586,47.09712327929048],[8.922872543334961,47.09840872152146],[8.923473358154297,47.099343569107305],[8.923215866088867,47.09981098674509],[8.922357559204102,47.100044694025215],[8.922100067138672,47.10074580971044],[8.920297622680664,47.10337491130192],[8.919439315795898,47.10419282753968],[8.919610977172852,47.104777045729946],[8.91866683959961,47.104777045729946],[8.915834426879883,47.10600388306016],[8.91514778137207,47.10641282255364],[8.910512924194336,47.1067049202684],[8.907766342163084,47.1067049202684],[8.905105590820312,47.10705543541033]]]}},{"type":"Feature","properties":{"name":"walensee"},"geometry":{"type":"Polygon","coordinates":[[[9.114189147949219,47.13952648850027],[9.111442565917967,47.13765818841979],[9.110755920410156,47.13625692027787],[9.108009338378906,47.13508916861799],[9.10560607910156,47.13345427321226],[9.103202819824219,47.13462206077371],[9.100799560546875,47.13508916861799],[9.098052978515625,47.13415494882641],[9.098739624023438,47.13298715100731],[9.101142883300781,47.13205289428831],[9.10663604736328,47.12808212013255],[9.112815856933594,47.12854928541983],[9.117279052734373,47.126680599652005],[9.12139892578125,47.125979825563704],[9.128952026367188,47.125979825563704],[9.134101867675781,47.12574623214939],[9.140625,47.12411104952708],[9.148178100585938,47.12270942441649],[9.153671264648438,47.12247581664114],[9.157791137695312,47.12084053349137],[9.163627624511719,47.12013968246883],[9.169464111328125,47.118037074007965],[9.172554016113281,47.1182707012735],[9.174957275390625,47.11733618605657],[9.180450439453125,47.11686892229326],[9.183197021484375,47.11523346680874],[9.188003540039062,47.11616801895477],[9.195213317871094,47.11453254192823],[9.198989868164062,47.11429889824975],[9.205169677734375,47.112897014636836],[9.208259582519531,47.112897014636836],[9.214096069335938,47.11523346680874],[9.217872619628906,47.11406525354546],[9.219589233398438,47.11406525354546],[9.22027587890625,47.112429711892645],[9.22748565673828,47.11149509409445],[9.237785339355469,47.112429711892645],[9.241561889648438,47.11313066447019],[9.247398376464844,47.112663363777635],[9.253578186035156,47.11429889824975],[9.255294799804688,47.11616801895477],[9.259071350097656,47.11616801895477],[9.261131286621094,47.11546710638397],[9.265594482421875,47.11616801895477],[9.271774291992188,47.11406525354546],[9.273147583007812,47.11476618458088],[9.274864196777344,47.11406525354546],[9.277267456054688,47.11313066447019],[9.284133911132812,47.113597961059476],[9.288253784179688,47.11383160781538],[9.289283752441406,47.11546710638397],[9.295463562011719,47.11499982620772],[9.2999267578125,47.11663528887291],[9.299583435058592,47.11850432751322],[9.297523498535156,47.12060691750965],[9.2999267578125,47.12294303116605],[9.301986694335938,47.125979825563704],[9.300613403320312,47.12808212013255],[9.296493530273438,47.12878286652478],[9.293746948242186,47.12808212013255],[9.29168701171875,47.12901644660399],[9.282417297363281,47.12948360368507],[9.276237487792969,47.12948360368507],[9.26971435546875,47.12878286652478],[9.267997741699219,47.12925002565741],[9.262161254882812,47.12878286652478],[9.256324768066406,47.12971718068695],[9.252891540527344,47.13065147843675],[9.248085021972656,47.12995075666307],[9.246025085449219,47.12925002565741],[9.24396514892578,47.12971718068695],[9.240875244140625,47.12925002565741],[9.234695434570312,47.12878286652478],[9.231605529785156,47.12995075666307],[9.22748565673828,47.12854928541983],[9.22327995300293,47.129308420260486],[9.221391677856445,47.12907484146352],[9.218988418579102,47.12901644660399],[9.21778678894043,47.129308420260486],[9.215812683105469,47.12878286652478],[9.212722778320312,47.12889965669263],[9.211950302124023,47.12925002565741],[9.208517074584961,47.12925002565741],[9.207315444946289,47.12971718068695],[9.205513000488281,47.12977557477714],[9.203968048095703,47.13041790553795],[9.203109741210936,47.13041790553795],[9.20053482055664,47.13100183586161],[9.197530746459961,47.13135219097849],[9.196929931640625,47.13135219097849],[9.192209243774414,47.132344851276045],[9.185256958007812,47.13263680666099],[9.178733825683592,47.13275358836622],[9.175987243652344,47.13333749304568],[9.171524047851562,47.133687832776076],[9.169979095458983,47.133220712622666],[9.163112640380858,47.133804612173314],[9.161739349365234,47.13357105312238],[9.158992767333984,47.133921391314125],[9.156932830810547,47.13485561520872],[9.153499603271484,47.13567304765342],[9.150924682617188,47.135789822691166],[9.1461181640625,47.134388505312955],[9.144401550292969,47.135322721001465],[9.14457321166992,47.13625692027787],[9.143199920654297,47.137191103142165],[9.137535095214844,47.1380084996854],[9.132900238037108,47.137891729519986],[9.129981994628904,47.13835880864309],[9.126033782958984,47.13917618723571],[9.122943878173828,47.13952648850027],[9.121055603027344,47.139059419634634],[9.115562438964844,47.13952648850027],[9.114189147949219,47.13952648850027]]]}},{"type":"Feature","properties":{"name":"zurich"},"geometry":{"type":"Polygon","coordinates":[[[8.543243408203125,47.36655970863042],[8.537321090698242,47.36400176843102],[8.53586196899414,47.36126928620507],[8.53663444519043,47.35708308150975],[8.535947799682617,47.3494656627119],[8.537235260009766,47.3428940288458],[8.540410995483397,47.33707774127206],[8.542556762695312,47.33603074146188],[8.547449111938477,47.32969013244891],[8.550710678100586,47.32358148644258],[8.551912307739258,47.321428747615336],[8.556375503540039,47.31531914621732],[8.559465408325195,47.30449468957547],[8.562984466552734,47.30094425061781],[8.573284149169922,47.290990109631764],[8.577404022216795,47.28493521276647],[8.581523895263672,47.27975306794858],[8.58255386352539,47.27573510072943],[8.584871292114258,47.27165859032456],[8.589506149291992,47.26798946247038],[8.591051101684569,47.26641690123873],[8.592166900634766,47.264087095018446],[8.596115112304688,47.26233967306119],[8.600320816040039,47.26117469304566],[8.61379623413086,47.25564068788856],[8.617401123046873,47.255349408437006],[8.619289398193358,47.25406775981567],[8.627357482910156,47.25144610920242],[8.629846572875977,47.25132958838516],[8.63499641418457,47.249523482935636],[8.638601303100586,47.250280889493666],[8.639717102050781,47.251620889947624],[8.643150329589844,47.25179567011601],[8.648643493652344,47.250280889493666],[8.65224838256836,47.248707802221624],[8.652076721191406,47.24760078687456],[8.652505874633789,47.24713466822767],[8.652935028076172,47.24596935366506],[8.657312393188475,47.24439613833987],[8.657655715942383,47.242997685493634],[8.659543991088867,47.24148265325079],[8.660831451416016,47.239792758482174],[8.661003112792969,47.23804453475871],[8.664264678955078,47.23600486750966],[8.670101165771484,47.232682955652876],[8.672847747802734,47.23175045173638],[8.67593765258789,47.22965225793279],[8.67671012878418,47.227728840642065],[8.683147430419922,47.223706924395664],[8.685121536254883,47.22428982971606],[8.68718147277832,47.22160841217158],[8.693361282348631,47.21898515507799],[8.697052001953125,47.21816900417739],[8.700313568115234,47.216653262032224],[8.70142936706543,47.214612771491154],[8.70391845703125,47.212105775622426],[8.706579208374023,47.21207662381062],[8.705892562866211,47.21015256880198],[8.709754943847656,47.20714973742696],[8.711471557617188,47.206479179046205],[8.711600303649902,47.2051671924795],[8.714303970336914,47.20187250538318],[8.721427917480469,47.20047293036117],[8.722972869873047,47.20088114355649],[8.72361660003662,47.20178503302599],[8.724560737609862,47.20158093029828],[8.728337287902832,47.202339022185896],[8.730611801147461,47.20321373013398],[8.730440139770506,47.2040301112069],[8.731083869934082,47.20487563550239],[8.731727600097656,47.20388432979386],[8.731856346130371,47.205021414191265],[8.73361587524414,47.2055170587368],[8.73533248901367,47.207091428339055],[8.73589038848877,47.2085199825405],[8.737692832946777,47.208986440885845],[8.738207817077635,47.2081701360894],[8.738937377929688,47.20831590572444],[8.741426467895508,47.20954035484286],[8.742713928222656,47.20954035484286],[8.74288558959961,47.208461674958905],[8.743314743041992,47.2078202873308],[8.740568161010742,47.207499590608315],[8.739323616027832,47.20741212752931],[8.737306594848633,47.206216784328845],[8.737735748291016,47.20525465926016],[8.738508224487305,47.20478816809678],[8.740096092224121,47.20557536955534],[8.742585182189941,47.2059835434904],[8.742756843566895,47.20653748880714],[8.74438762664795,47.206799881938096],[8.7471342086792,47.20712058289102],[8.747220039367676,47.206683262929026],[8.749580383300781,47.20700396458702],[8.749666213989258,47.20735381872984],[8.754172325134277,47.20773282478061],[8.754773139953612,47.20755789924751],[8.75511646270752,47.20814098211431],[8.757905960083008,47.2079660579273],[8.758292198181152,47.207499590608315],[8.761296272277832,47.20665410813669],[8.762712478637695,47.20688734602663],[8.764772415161133,47.20662495332834],[8.765630722045898,47.20688734602663],[8.769793510437012,47.20615847421537],[8.772411346435547,47.205925233120546],[8.773999214172363,47.20604185379615],[8.775157928466797,47.20787859561746],[8.775672912597656,47.20741212752931],[8.779706954956055,47.20767451633367],[8.7835693359375,47.20677072720988],[8.787002563476562,47.20665410813669],[8.790521621704102,47.20624593936154],[8.791594505310059,47.20726635541047],[8.792796134948729,47.211493584209464],[8.792839050292967,47.213067776422385],[8.795242309570312,47.21478767375701],[8.797130584716797,47.215487277051764],[8.799748420715332,47.21557472681462],[8.800649642944336,47.216041123114266],[8.803567886352539,47.21822730108693],[8.805456161499022,47.21846048808406],[8.806486129760742,47.21758603155691],[8.80605697631836,47.21636176819072],[8.806743621826172,47.21502087588081],[8.805885314941406,47.214204663960786],[8.803997039794922,47.21338843947785],[8.802108764648438,47.21333013724836],[8.801937103271484,47.21309692768937],[8.802623748779297,47.212863717104845],[8.801851272583008,47.212397292859144],[8.800392150878906,47.21245559611419],[8.799877166748047,47.2122223827094],[8.799448013305664,47.21257220243201],[8.798332214355469,47.21111460503149],[8.798418045043945,47.21076477569437],[8.79781723022461,47.210006804214586],[8.79781723022461,47.207033119187074],[8.798418045043945,47.205794034554],[8.798718452453613,47.204933947026014],[8.799469470977783,47.20455492097674],[8.800756931304932,47.20427793868963],[8.802473545074463,47.203038789698134],[8.80228042602539,47.202849270241636],[8.802902698516846,47.202455650745584],[8.804919719696045,47.20172671804105],[8.807623386383057,47.201464299815655],[8.80852460861206,47.20155177270168],[8.809082508087158,47.20179961176219],[8.809704780578613,47.201770454285764],[8.808975219726562,47.201464299815655],[8.809576034545898,47.20120188029225],[8.810563087463379,47.20105609110726],[8.810842037200926,47.2011581435788],[8.810176849365234,47.20143514215491],[8.810069561004639,47.20159550909059],[8.810327053070068,47.201566351501974],[8.810949325561523,47.20126019585406],[8.811421394348145,47.20107067004379],[8.812558650970459,47.20082282757802],[8.813416957855225,47.200647879258064],[8.81429672241211,47.200239664268],[8.81502628326416,47.19943780425056],[8.815691471099852,47.199656494548066],[8.815820217132568,47.19894210290568],[8.81554126739502,47.19805274476723],[8.815605640411377,47.19713421169732],[8.816313743591309,47.19637604543882],[8.816313743591309,47.19625940351449],[8.817193508148193,47.1954866442897],[8.817901611328125,47.19542832238204],[8.817579746246338,47.195136711882355],[8.81875991821289,47.19478677716745],[8.81875991821289,47.19510755074425],[8.818588256835938,47.19525335627451],[8.81878137588501,47.19550122475658],[8.819596767425535,47.19504922841996],[8.819704055786133,47.19545748334387],[8.820626735687256,47.195821994014665],[8.822665214538574,47.1956178683475],[8.823373317718506,47.1950929701692],[8.825562000274658,47.193911930284415],[8.826935291290283,47.1939556729711],[8.828544616699219,47.194582647518075],[8.831119537353516,47.19525335627451],[8.83202075958252,47.195224195200524],[8.833308219909668,47.19449516314226],[8.835303783416748,47.193401596275585],[8.837599754333494,47.19257047038541],[8.838329315185547,47.19204554206408],[8.839423656463623,47.19198721637452],[8.839960098266602,47.1915497716598],[8.840904235839844,47.19140395595364],[8.841032981872559,47.19152060855061],[8.841633796691895,47.191389374360995],[8.84324312210083,47.191608097830084],[8.844530582427979,47.191681005452814],[8.845667839050293,47.19182682039778],[8.846139907836914,47.1922205187481],[8.847770690917969,47.1923954948552],[8.8494873046875,47.19251214527278],[8.850259780883787,47.19356198749292],[8.850774765014648,47.19426187076831],[8.85171890258789,47.19711963167912],[8.852319717407227,47.1979361065286],[8.852405548095703,47.1988108870686],[8.85274887084961,47.200910301521674],[8.851804733276367,47.20120188029225],[8.851118087768555,47.202193236125716],[8.851461410522461,47.20300963290273],[8.851203918457031,47.20353445276806],[8.852319717407227,47.20365107869972],[8.854894638061523,47.20347613970609],[8.856525421142578,47.202076606989145],[8.856439590454102,47.203767704374975],[8.858070373535154,47.20440914100589],[8.859529495239258,47.20417589221931],[8.861331939697266,47.20481732391467],[8.863649368286133,47.20522550368263],[8.868370056152344,47.205925233120546],[8.8714599609375,47.206566643663585],[8.875579833984375,47.20633340436348],[8.87746810913086,47.207033119187074],[8.880043029785156,47.207441281905005],[8.88193130493164,47.206683262929026],[8.883905410766602,47.2079660579273],[8.886823654174805,47.20866575121409],[8.88819694519043,47.20837421346631],[8.889312744140623,47.20802436605374],[8.88768196105957,47.208082674116085],[8.887596130371094,47.207033119187074],[8.888025283813477,47.20610016403781],[8.889055252075195,47.205866922686575],[8.889055252075195,47.204933947026014],[8.89017105102539,47.2051671924795],[8.893604278564453,47.204759012262876],[8.894290924072266,47.205925233120546],[8.892316818237305,47.20691650069079],[8.890771865844727,47.20755789924751],[8.890857696533203,47.20814098211431],[8.893175125122069,47.207441281905005],[8.89514923095703,47.2059835434904],[8.896951675415039,47.206216784328845],[8.89514923095703,47.204642388766935],[8.89592170715332,47.20417589221931],[8.897895812988281,47.204933947026014],[8.900127410888672,47.20522550368263],[8.907852172851562,47.207324664306064],[8.913946151733398,47.20814098211431],[8.930683135986328,47.2122223827094],[8.934116363525389,47.212863717104845],[8.933429718017578,47.21397145824759],[8.934030532836914,47.2153706771436],[8.935317993164062,47.21502087588081],[8.936605453491211,47.214612771491154],[8.935575485229492,47.21385485500642],[8.935232162475586,47.21338843947785],[8.937721252441406,47.213621647754906],[8.938407897949219,47.214262965228826],[8.940725326538086,47.21513747655813],[8.941497802734375,47.21531237709338],[8.941669464111328,47.21607027274681],[8.944330215454102,47.21706135071831],[8.941755294799805,47.21746943626369],[8.939952850341795,47.21752773394234],[8.938837051391602,47.2176443291074],[8.937721252441406,47.217003052526856],[8.937034606933592,47.21758603155691],[8.937098979949951,47.21784837002932],[8.93836498260498,47.217695339411506],[8.939716815948486,47.217892092981884],[8.940500020980835,47.21787751866836],[8.941304683685303,47.21792124159688],[8.94161581993103,47.21833660761953],[8.940896987915037,47.21933493018963],[8.94038200378418,47.219801293415806],[8.940296173095703,47.22073400756185],[8.940296173095703,47.22131694557071],[8.941841125488281,47.22120035848172],[8.944072723388672,47.22184158429857],[8.945789337158201,47.221491825723525],[8.946819305419922,47.22254109452638],[8.946390151977539,47.224231539472456],[8.94587516784668,47.22463956983177],[8.943042755126953,47.22463956983177],[8.941926956176756,47.224989307640065],[8.940982818603516,47.224989307640065],[8.94012451171875,47.22475614935757],[8.9373779296875,47.22510588639675],[8.936777114868164,47.225455621128496],[8.93514633178711,47.225455621128496],[8.933429718017578,47.2256304876291],[8.928279876708983,47.225980218899736],[8.926477432250977,47.22568877633443],[8.923816680908203,47.225455621128496],[8.924041986465454,47.22573977889905],[8.922679424285889,47.22585635600527],[8.921091556549072,47.225900072354015],[8.919332027435303,47.22590735840863],[8.917990922927856,47.225317184739744],[8.917003870010376,47.224850870033514],[8.916617631912231,47.22513503104584],[8.916027545928955,47.22488730101767],[8.915812969207764,47.224479272565155],[8.916628360748291,47.22413681768988],[8.916982412338257,47.22398380522203],[8.917304277420042,47.22355391068697],[8.917057514190672,47.223422755728016],[8.916596174240112,47.22335717812687],[8.916188478469849,47.22318959055534],[8.915716409683228,47.22308029402763],[8.913516998291016,47.223022002454044],[8.912411928176878,47.22307300758443],[8.911199569702148,47.22289813264737],[8.909987211227415,47.22237350437504],[8.909204006195068,47.22239536399005],[8.908828496932983,47.22249008888423],[8.907991647720337,47.22227877927255],[8.907197713851929,47.221848870911],[8.906811475753784,47.221579265583614],[8.905813694000244,47.221105631283116],[8.904966115951538,47.22109105785292],[8.904311656951904,47.221112917996685],[8.902552127838135,47.221105631283116],[8.901876211166382,47.221112917996685],[8.900105953216553,47.22094532333067],[8.898700475692749,47.2206247059716],[8.898046016693115,47.22040610211516],[8.89694094657898,47.22019478419715],[8.89567494392395,47.219560825389564],[8.895385265350342,47.2191819038622],[8.89492392539978,47.218926859001705],[8.893775939941406,47.21879569259574],[8.893421888351439,47.21883212774105],[8.891061544418335,47.218584368259165],[8.890492916107178,47.21830017213369],[8.890095949172974,47.2183876172576],[8.889248371124268,47.21833660761953],[8.888572454452513,47.21817629129459],[8.888078927993773,47.21784837002932],[8.88669490814209,47.21752773394234],[8.885664939880371,47.217294542843106],[8.885107040405273,47.21671156060822],[8.883347511291504,47.21636176819072],[8.882102966308594,47.21595367412057],[8.880772590637207,47.21566217643329],[8.8789701461792,47.21586622498262],[8.877596855163572,47.215487277051764],[8.876996040344238,47.21592452442393],[8.875837326049805,47.21583707523794],[8.876008987426758,47.216274319725784],[8.875365257263184,47.217294542843106],[8.874635696411131,47.21779007270318],[8.872747421264647,47.217906667291366],[8.87120246887207,47.21805241016608],[8.870043754577637,47.21825644951765],[8.868627548217773,47.218110707203785],[8.866009712219238,47.2181398556986],[8.864250183105469,47.21875197038831],[8.864035606384277,47.21921833874213],[8.86322021484375,47.2195681123155],[8.861889839172363,47.2202093578737],[8.861417770385742,47.220763154614524],[8.860173225402832,47.22134609230292],[8.859615325927734,47.22189987717008],[8.858928680419922,47.22207475540003],[8.857855796813965,47.22201646272081],[8.856782913208008,47.221987316357165],[8.855924606323242,47.221491825723525],[8.854637145996094,47.2215501189796],[8.853607177734375,47.22120035848172],[8.852019309997559,47.221171211669386],[8.851075172424316,47.22134609230292],[8.850173950195312,47.22163755874354],[8.849787712097168,47.221695851839385],[8.849444389343262,47.221112917996685],[8.849444389343262,47.220500830563616],[8.848929405212402,47.21983044098126],[8.84824275970459,47.21939322581723],[8.84798526763916,47.21883941476711],[8.848457336425781,47.2184021914309],[8.848371505737303,47.21822730108693],[8.849143981933594,47.21828559793235],[8.84974479675293,47.2181398556986],[8.849573135375977,47.21773177531295],[8.849798440933228,47.217505872320345],[8.850377798080444,47.21748401068935],[8.8504958152771,47.217396564075216],[8.850903511047363,47.21733826625232],[8.851418495178223,47.217542308351995],[8.851847648620605,47.218249162411475],[8.852276802062987,47.21881026665685],[8.852373361587524,47.21907988606522],[8.852566480636597,47.219597260009095],[8.852845430374146,47.219597260009095],[8.853274583816528,47.219735711335005],[8.853317499160767,47.219699276810616],[8.853060007095337,47.21933493018963],[8.852909803390503,47.2187811185306],[8.852759599685669,47.21848234931245],[8.852201700210571,47.217994113064265],[8.851772546768188,47.21741113852092],[8.851686716079712,47.21681358296202],[8.8515043258667,47.21633261871843],[8.851279020309448,47.216303469230134],[8.851321935653687,47.216500227965234],[8.851407766342163,47.216893743245166],[8.851171731948853,47.217119648845646],[8.85072112083435,47.217207095916486],[8.850302696228026,47.21725081939781],[8.850055932998655,47.217119648845646],[8.849669694900513,47.217207095916486],[8.849401473999023,47.217156085142676],[8.848693370819092,47.217163372399106],[8.848414421081543,47.21710507431981],[8.848307132720947,47.21644921651142],[8.847609758377075,47.216485653269146],[8.847287893295288,47.2157714882538],[8.847169876098633,47.21560387670352],[8.846794366836548,47.21573505100533],[8.846311569213867,47.21571318864423],[8.845313787460327,47.21585893754796],[8.844895362854004,47.21588808728062],[8.844830989837646,47.21551642698875],[8.844348192214966,47.21539982714469],[8.844369649887085,47.2150063007781],[8.844026327133179,47.21499901322527],[8.844079971313477,47.215305089582586],[8.843951225280762,47.21551642698875],[8.843650817871094,47.21536338964082],[8.843339681625366,47.214940712766435],[8.843210935592651,47.21518848927383],[8.843103647232056,47.2157714882538],[8.842427730560303,47.216318043976266],[8.840314149856566,47.21642006708719],[8.839627504348755,47.2162670323472],[8.836355209350586,47.216536664687894],[8.83326530456543,47.21642006708719],[8.831291198730469,47.217294542843106],[8.82802963256836,47.21886856286133],[8.826828002929688,47.220151063143454],[8.826398849487305,47.22120035848172],[8.824939727783201,47.22195816997749],[8.822107315063477,47.22172499836325],[8.820734024047852,47.221491825723525],[8.818845748901367,47.22207475540003],[8.8165283203125,47.22248280235991],[8.815069198608398,47.22364863351109],[8.81378173828125,47.22364863351109],[8.814725875854492,47.22458127997271],[8.815498352050781,47.22481443902434],[8.814382553100586,47.22574706497569],[8.813867568969727,47.22522246489702],[8.813438415527344,47.22603850722051],[8.811292648315428,47.22679624955804],[8.817129135131834,47.22831170173733],[8.817815780639648,47.22953568917481],[8.817987442016602,47.23116762845643],[8.817729949951172,47.23303264039139],[8.817214965820312,47.23507242204601],[8.816442489624023,47.23647108408858],[8.81403923034668,47.236762467367406],[8.813009262084961,47.23652936087253],[8.81103515625,47.236587637592365],[8.810176849365234,47.23722867728069],[8.80880355834961,47.23722867728069],[8.807687759399414,47.237869709213804],[8.80502700805664,47.23728695323144],[8.803739547729492,47.23763660758996],[8.800735473632812,47.237869709213804],[8.800992965698242,47.23862728240909],[8.798933029174805,47.23967621202853],[8.796701431274412,47.2395596653185],[8.79575729370117,47.238860379674655],[8.794727325439451,47.23903520195086],[8.792152404785156,47.23798625964116],[8.791122436523438,47.23617969920743],[8.78880500793457,47.23548036895529],[8.787431716918945,47.234489635299184],[8.785972595214842,47.23419823952228],[8.783655166625977,47.23489758669495],[8.782024383544922,47.23472275076701],[8.777647018432617,47.2336154431615],[8.776788711547852,47.23402340128701],[8.773956298828125,47.234431356271976],[8.769922256469727,47.23472275076701],[8.758764266967773,47.233848562474925],[8.757562637329102,47.233732002946404],[8.756275177001953,47.23437307718069],[8.752498626708984,47.234664471996204],[8.751897811889647,47.234314798025316],[8.750438690185547,47.234314798025316],[8.749923706054686,47.23454791426228],[8.74734878540039,47.233848562474925],[8.745975494384764,47.233790282742696],[8.741941452026367,47.23478102947375],[8.737649917602539,47.2335571631729],[8.735160827636719,47.23349888312022],[8.733530044555664,47.234431356271976],[8.730010986328125,47.23565520238356],[8.727865219116211,47.2367041908398],[8.726663589477539,47.23734522911808],[8.723917007446289,47.237927984459546],[8.723058700561523,47.237869709213804],[8.718852996826172,47.23833590938506],[8.716793060302733,47.239210023650244],[8.713531494140625,47.24084166502847],[8.711557388305664,47.24218190428504],[8.710184097290039,47.24387172284868],[8.708553314208984,47.24480401346609],[8.708038330078123,47.24556148751157],[8.706579208374023,47.246085886274976],[8.705892562866211,47.24649374839074],[8.701601028442383,47.247367728063836],[8.70065689086914,47.247425992862645],[8.699541091918945,47.24806690141963],[8.696708679199219,47.24929043258488],[8.693361282348631,47.25150436951491],[8.692073822021484,47.25150436951491],[8.689842224121094,47.25249478502153],[8.690013885498047,47.25301911514416],[8.688297271728516,47.25435904631704],[8.685121536254883,47.255815454790415],[8.68417739868164,47.25604847642899],[8.680400848388672,47.25756309208489],[8.678855895996094,47.25762134566802],[8.67422103881836,47.258961160390896],[8.672075271606445,47.25966018070071],[8.669672012329102,47.2603591917818],[8.666753768920898,47.261349441682256],[8.666753768920898,47.261757186257825],[8.663406372070312,47.26199018174824],[8.661260604858397,47.26298040114269],[8.66048812866211,47.26414534142368],[8.658084869384766,47.26402884854915],[8.65447998046875,47.26420358776479],[8.651132583618164,47.264786047651256],[8.649587631225586,47.266591632571604],[8.648386001586914,47.26670811980643],[8.647871017456055,47.26746528058422],[8.645553588867188,47.267407037832],[8.643321990966797,47.266941093507015],[8.640747070312498,47.267640008456404],[8.638601303100586,47.26781473575178],[8.636713027954102,47.269794938122146],[8.635339736938477,47.27061029403559],[8.630104064941406,47.27095972843904],[8.627185821533203,47.272357442981644],[8.625640869140625,47.27323099582552],[8.622465133666992,47.27451218058018],[8.616371154785154,47.277365616965646],[8.612594604492188,47.28051004210786],[8.610191345214844,47.28214041120473],[8.60830307006836,47.28505165962736],[8.606243133544922,47.2870312170427],[8.600578308105469,47.29203800218738],[8.598003387451172,47.29436657797505],[8.597488403320312,47.296345786779014],[8.596115112304688,47.29844133888696],[8.593883514404297,47.29948908379726],[8.591136932373047,47.301584511330795],[8.589248657226562,47.30298141688142],[8.589076995849608,47.30507670600022],[8.586158752441404,47.30752110500848],[8.582725524902344,47.310430956443994],[8.579292297363281,47.314038949740414],[8.578777313232422,47.31613380055481],[8.577232360839844,47.31776307155176],[8.578605651855469,47.31904317780638],[8.578433990478514,47.31985777472987],[8.57757568359375,47.32148693089918],[8.576631546020508,47.322243307758306],[8.576459884643553,47.32369784820449],[8.575000762939453,47.32573413754834],[8.572940826416016,47.32777034839828],[8.573026657104492,47.32986465481161],[8.571567535400389,47.33201704986857],[8.571052551269531,47.3335294912145],[8.569250106811523,47.33579807201809],[8.568220138549805,47.33812472032207],[8.567619323730469,47.33911351480716],[8.566675186157225,47.34271954954132],[8.56435775756836,47.34620902606518],[8.56332778930664,47.34620902606518],[8.560924530029297,47.34905859411952],[8.560838699340819,47.350279790478076],[8.558778762817383,47.351791708726324],[8.55783462524414,47.351675408860345],[8.55534553527832,47.3524313534081],[8.551397323608398,47.35272209842787],[8.550281524658203,47.353303583662],[8.550796508789062,47.35435024093738],[8.548049926757812,47.3576063752607],[8.547449111938477,47.35783894859527],[8.547277450561523,47.362025093320625],[8.546590805053711,47.36266461396118],[8.545389175415039,47.364873807434094],[8.54435920715332,47.36667597569228],[8.543243408203125,47.36655970863042]]]}}]}